CodeClass,Name,Accession,GSM3308226,GSM3308227,GSM3308228,GSM3308229,GSM3308230,GSM3308231,GSM3308232,GSM3308233,GSM3308234,GSM3308235,GSM3308236,GSM3308237,GSM3308238,GSM3308239,GSM3308240,GSM3308241,GSM3308242,GSM3308243,GSM3308244,GSM3308245,GSM3308246,GSM3308247,GSM3308248,GSM3308249,GSM3308250,GSM3308251,GSM3308252,GSM3308253,GSM3308254,GSM3308255,GSM3308256,GSM3308257,GSM3308258,GSM3308259,GSM3308260,GSM3308261,GSM3308262,GSM3308263,GSM3308264,GSM3308265,GSM3308266,GSM3308267
Endogenous,ABCB1,NM_000927.3,96,154,214,194,105,217,121,126,185,152,196,186,216,171,163,191,76,106,142,199,147,104,217,213,110,188,142,203,132,151,170,137,175,150,219,170,153,193,115,129,197,181
Housekeeping,ABCF1,NM_001090.2,276,312,348,323,262,211,205,243,295,291,293,319,286,189,274,366,217,167,231,267,247,230,258,211,201,266,148,187,231,216,260,182,231,290,217,218,189,275,165,281,217,293
Endogenous,ABL1,NM_005157.3,171,145,135,183,146,118,121,93,118,118,166,144,111,91,153,150,118,88,94,124,105,127,115,104,108,137,91,99,133,92,108,110,93,153,115,127,89,127,94,115,134,139
Endogenous,ADA,NM_000022.2,236,254,288,294,208,346,191,303,348,246,320,261,384,373,233,317,247,212,234,246,321,250,401,354,276,359,245,350,425,319,311,285,396,269,319,436,266,313,321,287,307,214
Endogenous,AHR,NM_001621.3,1260,1011,1198,793,1075,782,695,996,1356,944,754,1089,900,1033,871,1027,975,940,1079,778,881,691,993,808,925,914,769,646,890,1052,717,1241,860,922,1049,733,653,798,671,1123,845,1116
Housekeeping,ALAS1,NM_000688.4,319,240,200,281,272,244,261,167,229,243,222,229,234,217,310,223,309,195,218,263,206,329,196,195,192,207,202,195,217,193,206,198,186,212,229,185,178,289,187,285,205,207
Endogenous,APP,NM_000484.3,677,800,691,614,622,462,620,457,412,516,680,531,580,318,663,785,466,306,533,554,692,539,337,342,378,469,275,279,361,243,441,379,314,588,477,342,365,471,223,445,327,566
Endogenous,ARG1,NM_000045.2,136,57,135,52,76,95,70,33,101,85,80,81,130,178,30,45,99,205,120,100,50,71,65,42,149,45,205,36,45,266,41,169,30,62,50,60,56,62,107,38,112,73
Endogenous,ARHGDIB,NM_001175.4,12030,9651,10160,9656,11980,9814,12115,8891,9110,8988,10957,9056,9233,10754,10640,9898,9850,9899,9906,8875,7879,13041,9155,9096,8906,11232,9580,8579,8526,10532,8985,10014,8059,10733,9326,8173,8439,10588,9061,10478,9019,8221
Endogenous,ATG10,NM_001131028.1,74,72,100,59,80,78,40,44,84,74,43,178,84,84,50,70,65,78,72,74,75,30,76,77,67,51,77,106,99,94,63,41,78,56,117,81,64,42,65,56,85,107
Endogenous,ATG12,NM_004707.2,52,50,54,34,45,65,54,52,35,55,49,48,62,39,45,36,46,67,42,48,49,41,52,44,66,31,76,72,61,67,49,57,65,57,63,51,59,55,49,42,72,60
Endogenous,ATG16L1,NM_198890.2,411,372,529,399,361,458,336,385,467,479,428,276,553,417,419,478,363,371,406,421,384,399,476,420,440,374,444,502,389,476,475,472,509,450,455,456,421,335,440,401,473,486
Endogenous,ATG5,NM_004849.2,184,266,264,106,235,307,255,301,384,505,140,179,381,450,208,218,283,394,440,330,369,265,555,504,406,289,488,607,443,624,444,408,504,281,778,500,491,276,515,220,606,493
Endogenous,ATG7,NM_001136031.2,710,774,651,608,731,597,640,517,612,584,559,516,525,572,665,604,760,557,558,479,493,544,448,455,523,490,516,449,474,444,513,516,470,523,507,512,547,628,433,639,479,549
Endogenous,ATM,NM_000051.3,72,29,41,38,44,39,49,38,41,50,30,37,45,43,45,44,34,54,48,29,35,27,35,26,28,22,45,36,44,60,19,15,61,27,42,30,24,22,51,47,40,46
Endogenous,B2M,NM_004048.2,64898,77498,54446,56183,44908,119980,129794,98891,118049,158620,31739,79089,85323,233181,55522,47417,67647,166865,206512,105399,100327,106536,174325,178833,157609,52516,190811,218292,124122,303850,131823,119538,174278,100615,258936,147470,211452,80686,204442,46795,260819,169311
Endogenous,BATF,NM_006399.3,109,74,122,141,130,149,193,127,121,198,117,115,138,178,83,123,116,125,102,114,135,118,185,180,187,128,160,282,176,252,168,152,181,133,195,221,169,104,155,165,193,166
Endogenous,BATF3,NM_018664.2,41,45,51,55,34,48,32,46,39,22,43,55,58,79,46,43,34,46,53,35,53,38,56,63,80,36,58,77,117,64,47,38,61,51,50,93,109,34,71,37,64,63
Endogenous,BAX,NM_138761.3,1123,1081,973,1075,1151,887,981,1036,1018,966,1041,932,1283,969,1098,948,1088,1004,980,1043,999,1234,1149,946,1059,914,838,1124,1255,883,1005,1034,1087,1022,1068,1097,809,957,1128,1113,1135,887
Endogenous,BCAP31,NM_005745.7,1391,1345,1172,1079,1248,986,1068,1085,1135,1057,1405,820,1005,996,1319,1203,1258,1088,1093,1028,1065,1499,1103,1031,1153,1177,1116,1108,1216,952,1158,1265,1004,1345,1119,1002,917,1172,952,1342,1020,1138
Endogenous,BCL10,NM_003921.2,1220,1268,1135,972,1395,1254,1106,1230,1243,1292,1198,1182,982,1277,1222,1184,1519,1419,1228,1309,1084,1379,1221,1315,1276,1308,1358,1275,1213,1165,1191,1386,1137,1254,1254,1077,1122,1336,1230,1320,1165,1162
Endogenous,BCL2,NM_000657.2,561,299,441,380,306,613,399,424,290,264,576,436,418,295,357,337,369,228,286,278,300,295,411,349,373,273,176,289,346,381,239,226,539,369,340,325,215,287,185,295,353,422
Endogenous,BCL2L11,NM_138621.4,274,301,197,212,251,264,288,255,189,210,340,208,193,140,322,261,228,243,228,224,203,264,214,218,185,305,180,190,157,225,188,255,224,241,177,207,205,265,234,274,180,246
Endogenous,BCL3,NM_005178.2,783,338,302,741,524,448,821,317,278,257,542,501,274,290,445,615,492,443,295,360,254,644,235,312,303,491,263,177,219,243,259,374,207,267,195,203,269,516,245,490,206,214
Endogenous,BCL6,NM_001706.2,3998,2166,2037,3893,2206,2525,4211,1818,1912,1553,2934,1436,1800,2598,1752,1917,2333,3197,2131,2099,1420,3053,1354,1840,1773,2532,2310,1362,897,1548,1477,1949,1449,2205,1175,1027,2010,2803,1197,2355,1527,1064
Endogenous,BID,NM_001196.2,31,64,65,31,44,43,73,64,55,62,22,82,99,76,54,44,58,67,60,74,44,62,70,59,39,39,53,51,53,40,44,36,46,53,45,59,64,62,47,64,49,54
Endogenous,BLNK,NM_013314.2,80,82,93,58,92,178,75,155,120,118,94,108,94,84,134,117,50,85,146,78,105,55,144,109,79,118,91,101,116,96,127,69,82,98,183,73,96,57,161,79,148,97
Endogenous,BST1,NM_004334.2,1721,1719,1248,1386,2356,1710,2093,1945,1519,1497,1481,1675,1299,2311,1225,1406,3191,2166,1990,1736,1332,2390,1561,1533,2016,1481,2345,1519,1939,1441,1842,1672,1168,1640,1670,1560,2265,2339,1836,1662,1785,1543
Endogenous,BST2,NM_004335.2,368,395,330,417,351,295,344,363,323,393,360,422,301,311,443,338,389,292,369,366,523,369,325,355,370,268,396,508,667,374,431,353,423,415,495,447,444,349,420,415,487,357
Endogenous,BTK,NM_000061.1,392,423,334,274,400,428,331,438,323,375,293,281,395,431,385,320,414,387,420,373,504,376,506,442,377,336,432,366,440,329,415,408,330,474,550,367,391,330,442,307,425,351
Endogenous,BTLA,NM_181780.2,333,467,489,230,521,1111,405,752,766,998,358,553,573,756,521,502,370,715,1182,623,678,436,1260,853,642,549,843,1100,755,934,764,432,997,677,1175,844,635,475,1318,350,1335,856
Endogenous,C14orf166,NM_016039.2,745,762,733,542,653,857,668,1085,1021,1220,534,660,998,1621,618,639,641,1036,1271,884,888,786,1361,1205,1164,570,1045,1789,1397,2008,1046,1077,1421,836,2028,1143,1160,638,1475,697,1915,1300
Endogenous,C1QBP,NM_001212.3,460,503,545,438,506,667,474,678,657,773,478,730,761,824,502,545,459,609,714,638,594,554,782,803,696,429,645,1024,946,1257,769,716,915,712,903,714,635,533,887,573,1017,910
Endogenous,CAMP,NM_004345.3,394,209,103,67,94,139,161,81,121,147,241,79,93,274,75,157,135,236,191,197,55,148,123,152,269,125,315,287,261,418,52,182,115,94,147,190,185,245,171,139,276,126
Endogenous,CARD9,NM_052813.4,161,76,52,104,62,40,34,52,48,31,57,37,75,48,87,69,79,43,33,51,69,55,64,38,59,55,50,28,76,58,63,78,39,45,50,59,60,42,62,63,65,54
Endogenous,CASP1,NM_001223.3,1426,2200,1224,1393,1786,1099,1674,1483,1737,1946,941,1529,1983,2405,1129,969,1433,2290,1740,1521,1853,1275,1839,1788,1982,1148,2247,2065,2651,1790,1675,1738,1737,1520,2453,2073,2502,1468,1891,1212,2406,1653
Endogenous,CASP10,NM_032977.3,52,59,42,51,72,46,35,52,61,34,37,52,83,65,44,43,58,60,29,44,81,39,55,42,70,36,67,46,89,53,48,89,46,59,59,88,67,45,54,47,54,59
Endogenous,CASP2,NM_032982.2,700,824,852,658,697,776,632,722,744,751,844,834,667,561,805,960,755,581,675,737,695,748,662,599,635,779,599,626,557,632,634,610,712,649,614,578,527,744,566,756,583,690
Endogenous,CASP3,NM_032991.2,220,270,283,107,226,347,175,321,370,537,120,317,269,540,163,170,281,368,467,374,386,234,509,391,466,244,462,560,539,595,364,456,440,310,550,509,489,232,564,241,599,443
Endogenous,CASP8,NM_001228.4,2896,3696,3934,2289,4418,3199,3280,3712,4264,3613,2417,2970,3257,5405,2628,2591,3465,5789,4104,3489,3362,3966,4631,3871,4569,3815,4313,4327,3404,3970,3454,3895,4078,3159,4540,4031,4308,3617,3985,3455,4063,3981
Endogenous,CCL3,NM_002983.2,66,43,42,74,48,44,32,43,29,41,93,45,68,307,48,40,51,51,74,163,42,32,54,115,52,51,41,69,106,66,13,43,98,54,55,73,48,40,50,30,128,27
Endogenous,CCL4,NM_002984.2,214,259,482,350,153,200,261,197,274,399,280,198,342,295,243,355,206,157,292,378,257,160,273,283,387,477,326,568,321,265,285,375,278,316,261,508,337,256,303,366,405,211
Endogenous,CCL5,NM_002985.2,1876,1582,4717,3263,2199,3050,3408,2343,2718,4061,3674,2918,2061,1910,3062,3333,2514,2096,2480,3840,4163,2860,2751,2357,2543,3246,2454,4979,1924,2715,3669,3708,1821,3255,1806,5949,3857,3202,2466,4700,1869,3262
Endogenous,CCND3,NM_001760.2,1825,826,1053,1218,951,935,1359,709,1011,1091,1259,971,1008,808,1397,1132,1336,1102,996,1044,1004,1256,927,1102,1139,1137,760,1124,1409,1255,1041,1038,1135,1360,767,1394,813,1287,1122,1072,997,940
Endogenous,CCR1,NM_001295.2,1047,1097,962,1019,887,1201,1273,1194,654,753,1700,1422,948,1012,1471,1765,850,1660,1219,1031,1337,1234,610,887,1035,942,927,508,1894,1150,930,1616,1430,797,1154,784,1458,1200,695,1801,912,819
Endogenous,CCR2,NM_001123041.2,1047,1078,774,1013,1229,791,857,1053,1188,990,936,740,766,1071,1080,972,1094,1176,1001,1046,1420,944,1000,1284,1222,710,955,1207,1206,892,1089,1368,1027,1060,1816,1724,1210,1028,1016,825,1208,948
Endogenous,CCR5,NM_000579.1,42,76,292,121,89,139,69,122,118,144,128,161,130,123,124,128,96,89,108,147,203,118,150,81,109,114,150,331,143,105,152,121,100,71,134,254,144,156,107,141,163,136
Endogenous,CCR6,NM_031409.2,82,119,114,70,142,205,151,163,161,153,196,198,119,149,189,140,95,135,221,191,120,95,271,199,161,193,120,158,156,141,147,104,146,174,222,145,143,100,169,103,255,162
Endogenous,CCR7,NM_001838.2,503,538,524,498,622,1266,687,562,478,793,830,395,1113,781,734,1017,526,514,796,657,522,678,944,816,470,573,625,930,849,1174,849,539,1611,771,675,461,434,627,1113,575,997,1164
Endogenous,CCR8,NM_005201.2,77,18,35,39,35,18,42,54,57,34,52,20,49,20,25,10,32,33,30,25,38,25,41,49,54,32,15,19,25,66,22,85,31,36,49,43,39,24,13,21,33,30
Endogenous,CCRL2,NM_003965.4,123,123,97,111,93,106,112,128,119,95,119,120,159,88,96,135,122,133,124,96,142,105,152,139,122,93,131,137,193,138,120,165,90,162,138,145,143,115,134,151,104,127
Endogenous,CD14,NM_000591.2,6418,3648,1771,3843,3246,1497,2989,1771,2312,2578,3398,1662,2274,2244,4233,3532,2422,3165,2257,2488,2401,3061,2024,1588,2975,2155,1894,1778,2391,2162,2123,2920,1273,3022,2012,1864,2408,3545,1921,2595,1778,1955
Endogenous,CD160,NM_007053.2,60,68,103,158,103,140,127,211,124,294,65,99,228,138,118,208,57,144,115,258,112,108,222,369,144,294,176,192,121,156,218,78,237,151,159,551,231,133,224,116,271,125
Endogenous,CD163,NM_004244.4,338,191,146,242,165,57,150,114,150,118,147,167,132,79,224,171,153,129,105,114,235,74,118,83,109,90,48,59,95,123,117,96,72,142,122,87,98,122,54,115,77,141
Endogenous,CD164,NM_006016.4,1397,1598,1668,894,2014,2062,1559,2903,2597,2814,1013,2245,2416,3705,1607,1385,1775,3589,3303,2795,3129,2202,3365,3339,3250,2041,3282,3863,4473,3503,3409,3261,3796,2557,3637,3711,2895,1836,3835,1993,3854,2895
Endogenous,CD19,NM_001770.4,217,268,327,141,478,554,296,553,385,322,360,297,380,250,513,335,191,235,435,274,466,169,568,330,251,340,686,411,282,230,410,128,329,355,697,303,256,166,558,202,510,288
Endogenous,CD1D,NM_001766.3,610,429,365,457,593,300,351,400,489,365,292,511,390,335,485,441,318,397,295,321,468,349,274,326,470,221,337,428,476,220,376,442,318,319,440,393,444,324,311,347,394,243
Endogenous,CD2,NM_001767.3,241,223,518,314,262,330,304,372,365,466,365,460,411,384,228,331,328,256,313,489,322,337,431,455,431,415,395,586,394,574,473,422,506,282,475,503,401,308,386,366,426,602
Endogenous,CD22,NM_001771.2,336,391,369,175,560,821,544,601,537,518,603,368,493,276,801,561,247,247,507,363,537,213,763,419,245,448,389,373,365,283,520,195,377,543,570,429,308,248,654,264,632,406
Endogenous,CD24,NM_013230.2,325,143,141,66,168,215,169,133,185,233,146,157,128,164,200,202,165,115,203,181,137,133,216,237,159,189,102,151,286,231,170,147,213,165,389,192,186,133,274,174,295,176
Endogenous,CD244,NM_016382.2,390,549,559,369,417,388,334,592,597,650,334,570,430,532,416,406,399,581,479,532,524,371,675,588,753,575,567,749,566,636,533,668,502,540,451,919,639,433,551,452,622,511
Endogenous,CD247,NM_198053.1,948,1176,1713,1338,1085,1317,901,1254,1634,1744,1100,1192,1670,1404,1232,1451,1259,1002,1179,1442,1141,1167,1535,1967,1531,1820,1295,1899,1661,1310,1593,1675,2138,1491,1240,1656,1115,1025,1437,1356,1627,1535
Endogenous,CD27,NM_001242.4,826,610,972,932,941,1720,828,927,894,1223,1092,570,1334,1136,1073,1347,917,705,1090,1074,783,1062,1220,1227,909,1029,935,1440,1133,1230,1499,826,1787,951,1406,680,893,838,1537,852,1470,1471
Endogenous,CD274,NM_014143.3,58,45,38,128,37,55,97,58,42,58,44,48,105,36,40,52,32,56,85,50,70,36,53,71,40,81,70,54,77,62,80,46,61,45,42,98,105,99,41,75,61,46
Endogenous,CD28,NM_001243078.1,354,320,458,309,389,563,330,631,589,664,336,672,635,549,297,408,504,368,540,590,402,450,573,688,608,392,541,774,590,822,581,481,808,386,892,454,383,376,627,368,695,741
Endogenous,CD36,NM_001001548.2,2456,2403,1576,1384,2097,967,1948,1655,2252,2216,851,1782,1996,2774,1154,1397,1445,1959,2577,1472,2016,1241,1509,1434,1645,996,1684,1661,2466,2083,1580,1543,1367,1465,3133,2186,1747,1623,1458,1435,2551,1733
Endogenous,CD3D,NM_000732.4,751,544,1094,969,614,1400,1175,1160,838,2214,734,616,1147,2258,576,728,627,733,1425,1201,924,1013,1899,1624,1354,594,1418,3061,1142,3481,1539,954,2227,855,2891,1607,1678,649,1634,817,2673,2445
Endogenous,CD3E,NM_000733.2,982,1109,2197,1487,1337,2124,1196,1700,1352,2254,1864,1045,1919,1708,1455,1944,1519,970,1525,1845,1589,1635,1940,1845,1661,1628,1692,2731,1664,1959,2233,1738,2509,1684,2120,1781,1400,1351,1941,1834,1825,2682
Endogenous,CD4,NM_000616.4,1187,1026,861,1145,973,625,694,720,700,648,824,1034,740,532,844,988,720,491,631,684,825,705,588,596,654,598,504,447,687,468,777,619,672,712,567,470,536,676,366,695,555,843
Endogenous,CD40,NM_001250.4,149,306,188,189,280,375,254,345,309,348,228,229,305,185,272,238,177,244,317,252,258,136,436,256,184,224,274,276,283,138,281,220,245,260,291,373,260,238,369,169,384,233
Endogenous,CD40LG,NM_000074.2,327,285,458,385,387,565,314,384,498,489,536,322,538,453,367,500,475,344,445,416,409,464,546,635,432,472,498,538,448,643,547,385,758,444,547,335,308,339,466,370,515,624
Endogenous,CD44,NM_001001392.1,7406,3158,3699,4587,3823,3253,4504,3196,2981,2904,4046,3871,2798,3052,3516,3240,3095,2514,2691,2772,2898,3237,2911,2807,3206,3049,2595,3195,3139,3740,3039,3257,3217,3368,2969,2617,2849,3432,2486,3195,2657,3743
Endogenous,CD45R0,NM_080921.3,7180,5991,6757,4357,7261,7641,9637,8683,7847,8579,5674,8240,6192,11932,5575,4564,6651,9454,9857,10295,6524,9103,6794,9010,8760,6852,10161,8728,6822,10727,7408,9993,5409,7842,11370,6540,10134,8025,9100,7051,7581,7868
Endogenous,CD45RA,NM_002838.4,1209,1625,1443,1455,638,1785,1053,1022,1362,1495,1239,807,1151,981,1708,1680,746,742,1298,1011,1150,866,1358,920,839,1296,852,1102,908,1049,1182,612,1574,1293,1251,1437,862,999,1296,1037,1330,1214
Endogenous,CD45RB,ENST00000367367.1,2798,1911,2037,2545,1456,2037,2294,1637,1723,1596,2350,1714,1594,1562,1780,1993,1607,1493,1859,1679,1721,1970,1648,1583,1491,1589,1743,1724,1638,1795,1689,1680,1685,1738,1720,1326,1638,2014,1634,1599,1489,2389
Endogenous,CD46,NM_172350.1,5747,7713,6268,6380,8652,6609,6834,6959,6107,5817,5510,5374,5584,8329,5749,5957,8779,9469,7728,7934,6224,9024,6414,6718,5962,6922,8965,5976,5499,5042,7475,6715,6253,7093,7576,6215,7528,9116,7561,7843,6052,6056
Endogenous,CD48,NM_001778.2,1821,1295,1814,1154,1380,1998,2662,2344,2322,2707,917,2474,1718,4740,1458,1252,1518,2934,3321,2485,2192,1836,3533,3399,3397,1408,3768,5270,3230,6223,3110,2920,4270,1844,5241,3633,3411,1570,4362,1333,5159,3713
Endogenous,CD5,NM_014207.2,705,484,934,889,573,865,629,751,590,943,1017,487,885,678,745,866,592,370,665,699,690,627,768,648,671,622,444,896,694,810,891,654,856,642,674,592,509,636,527,814,531,958
Endogenous,CD53,NM_001040033.1,7856,9170,8909,8361,10199,9386,8589,8573,8257,8434,8984,6911,8277,9468,8613,8964,9821,10322,8874,8542,8292,10183,9240,8687,8491,9338,10296,9037,8427,8345,9325,9290,8395,8920,10019,9249,9121,9524,8763,8738,8849,7788
Endogenous,CD55,NM_000574.3,39,55,28,30,45,42,44,36,48,43,51,33,43,27,41,53,62,46,42,40,41,50,39,47,46,31,50,48,48,49,68,34,62,57,41,40,44,41,44,38,59,65
Endogenous,CD58,NM_001779.2,890,855,953,532,1028,993,884,1064,1341,1052,536,1225,1005,1480,703,573,1352,1735,1295,1073,944,1009,1164,1248,1470,840,1404,1239,1161,1312,866,1195,952,916,1163,1078,1261,947,880,900,1356,1068
Endogenous,CD59,NM_000611.4,545,618,488,653,605,959,744,644,568,680,609,524,686,852,506,531,534,556,788,710,564,1023,749,822,613,797,723,605,539,890,673,636,715,666,687,576,729,810,683,555,665,666
Endogenous,CD6,NM_006725.3,705,410,1007,988,565,967,755,788,616,1029,923,392,1086,709,680,1032,693,380,648,846,672,738,860,718,643,758,571,1019,659,785,1011,877,993,739,668,739,517,704,582,790,638,1093
Endogenous,CD7,NM_006137.6,367,190,212,330,291,375,247,236,175,211,306,319,204,257,346,350,221,202,194,239,180,319,253,339,194,313,160,242,319,245,278,210,429,287,260,240,178,199,316,286,290,314
Endogenous,CD74,NM_001025159.1,36688,29466,20386,28987,26782,21515,18652,23784,22237,20775,24456,18983,20387,15277,33446,25643,20892,17420,22284,19435,29009,19951,27269,15467,20970,22592,20880,20930,24123,12538,23865,21949,18151,25505,26573,24414,19495,16447,22985,20551,22627,20931
Endogenous,CD79A,NM_001783.3,815,1144,973,467,1266,2047,1080,1515,1275,1181,1276,1128,781,889,1889,1316,596,846,1486,994,1616,660,1947,1149,780,1228,1945,1428,1224,704,1438,590,1154,1351,1693,1229,859,713,1976,786,1719,969
Endogenous,CD79B,NM_021602.2,510,366,416,234,453,917,450,603,504,468,534,354,462,377,568,431,311,388,595,418,442,273,922,536,380,486,585,526,501,496,505,217,591,460,897,581,449,338,845,341,913,453
Endogenous,CD80,NM_005191.3,21,14,50,26,30,35,20,58,40,31,14,38,132,48,36,21,32,29,41,37,61,27,43,36,45,34,96,40,40,56,42,25,24,43,77,37,24,23,47,19,52,29
Endogenous,CD81,NM_004356.3,1209,1444,2053,1924,1244,2042,1296,1640,1544,2071,1976,1735,1280,1285,1988,2139,1452,1066,1629,1636,1668,1643,2185,1675,1505,2188,1542,2180,1909,1577,2159,1658,1692,1794,1710,2244,1556,1600,1991,2459,1845,1696
Endogenous,CD82,NM_002231.3,475,330,321,278,324,338,385,299,226,233,345,254,210,295,473,383,384,344,265,234,228,432,278,301,282,322,246,282,206,293,278,253,224,278,231,203,200,383,212,347,250,215
Endogenous,CD83,NM_004233.3,76,115,126,55,111,180,89,187,137,170,101,110,226,166,137,115,101,112,136,117,162,83,280,178,117,116,99,162,157,182,174,110,142,185,151,126,112,98,161,108,165,142
Endogenous,CD86,NM_175862.3,306,405,261,235,326,168,205,373,343,328,159,281,315,328,220,260,248,318,332,228,399,206,407,308,422,146,292,411,420,342,326,477,263,327,464,354,428,228,335,203,382,263
Endogenous,CD8A,NM_001768.5,371,207,715,495,204,390,400,464,310,554,360,297,532,307,260,423,241,282,311,544,548,409,282,202,313,312,364,1003,317,384,639,358,288,322,425,825,452,422,360,673,389,671
Endogenous,CD8B,NM_004931.3,346,69,356,230,112,230,226,208,213,341,224,101,270,305,134,228,135,85,224,274,255,208,194,107,125,195,159,533,218,246,386,230,163,177,264,332,250,168,385,320,292,357
Endogenous,CD9,NM_001769.2,190,200,334,119,254,394,404,216,301,255,226,383,156,478,247,165,347,285,255,287,247,162,160,179,247,231,254,203,124,295,241,211,141,538,310,142,169,206,238,277,96,418
Endogenous,CD96,NM_005816.4,948,698,1400,940,920,1524,909,1268,1292,1671,1179,961,1365,1393,851,1224,1101,842,1173,1401,1179,1017,1483,1628,1329,1211,1208,2101,1464,1708,1525,1254,1844,1057,1958,1404,1222,961,1173,1182,1475,1859
Endogenous,CD97,NM_078481.2,6565,5194,5126,6838,4604,3558,5748,3050,3329,2824,5310,3033,3290,3941,5723,4076,3484,4777,3581,3355,4099,5122,3762,3109,3144,5224,3204,2573,2363,2847,3474,3689,3445,5228,2342,2624,3603,5045,2150,4942,2732,3539
Endogenous,CD99,NM_002414.3,3076,2081,3231,2115,2113,2323,2212,2126,3117,3201,2506,2931,1517,2358,2557,2491,1967,2038,2410,2682,2874,2339,2137,2423,3429,2841,2206,3344,3060,2992,2873,3353,2356,2590,2840,3683,2346,2033,2579,2665,2870,2556
Endogenous,CDKN1A,NM_000389.2,141,148,128,110,203,148,95,78,134,71,221,152,156,114,163,145,191,123,124,98,233,116,91,138,95,135,77,64,132,157,88,126,72,211,67,203,117,132,76,119,68,122
Endogenous,CEACAM1,NM_001712.3,95,132,81,139,88,118,90,86,72,74,63,88,124,95,111,58,103,119,90,82,109,119,67,70,60,81,90,51,117,55,92,91,53,84,89,88,77,123,66,130,78,65
Endogenous,CEACAM6,NM_002483.4,128,61,32,22,15,26,25,31,23,34,44,28,55,43,18,43,18,43,35,48,15,43,9,16,30,25,54,46,68,90,13,46,23,22,27,41,18,58,31,48,30,79
Endogenous,CEACAM8,NM_001816.3,247,133,69,42,30,27,52,31,53,71,111,52,89,69,30,98,25,63,60,74,28,48,12,28,93,51,67,44,120,136,23,76,47,46,43,76,52,116,51,88,43,68
Endogenous,CEBPB,NM_005194.2,3014,3274,3034,3234,4782,3713,4786,4116,3678,2773,4086,5726,2450,3945,3025,3510,4141,5298,3287,2775,3111,4507,2965,3701,4032,3888,3478,3102,3080,4091,3051,3991,3006,3421,2862,2888,3954,4683,3258,3812,2991,2499
Endogenous,CFD,NM_001928.2,742,603,207,106,1302,524,427,879,498,229,186,1794,226,285,279,1066,270,1115,951,493,573,202,205,468,819,940,386,213,446,471,905,500,639,282,714,570,748,231,675,700,488,422
Endogenous,CFH,NM_001014975.2,20,16,112,60,47,31,32,46,75,65,44,81,80,98,20,28,72,67,68,97,104,43,92,177,103,74,90,184,120,68,39,76,57,56,244,66,93,32,57,33,115,40
Endogenous,CFP,NM_002621.2,1961,1643,1260,1633,1645,873,1490,1180,1450,875,1333,936,989,1264,1684,1498,2005,2063,1345,1346,1272,1513,1110,1080,1235,1081,1100,1092,1151,740,1316,1458,990,1316,991,1036,1214,1502,1004,1744,1221,891
Endogenous,CHUK,NM_001278.3,425,587,427,273,582,526,421,541,578,671,303,546,493,690,428,391,614,804,758,632,569,560,587,665,712,441,743,664,653,742,552,706,655,532,805,712,689,495,766,443,721,693
Endogenous,CIITA,NM_000246.3,155,157,145,201,138,122,73,138,118,110,121,111,90,55,244,150,99,122,124,124,192,97,234,98,146,132,117,85,107,55,158,118,124,148,142,154,86,70,171,108,173,99
Endogenous,CISH,NM_145071.2,367,282,278,272,235,227,293,338,148,266,372,154,466,274,229,195,317,213,140,255,240,225,272,254,262,181,202,154,345,300,193,255,451,343,236,276,176,208,174,257,272,298
Endogenous,CLEC4A,NM_194448.2,713,679,479,382,538,695,742,669,631,658,320,691,550,1063,502,412,537,804,1109,463,519,684,655,809,690,376,847,782,722,1350,541,577,612,593,1118,681,875,594,916,524,1277,502
Endogenous,CLEC4E,NM_014358.2,1573,1257,615,771,1493,652,1051,983,1060,1311,384,643,610,1503,1120,595,1146,2143,1173,1058,1071,1378,1122,1343,1066,725,1652,985,1119,1019,1230,1723,929,1126,1160,1172,1375,1304,1501,697,1313,1138
Endogenous,CLEC5A,NM_013252.2,41,89,35,39,33,48,41,57,68,37,54,47,53,91,54,39,91,56,54,73,50,52,55,62,66,39,45,67,62,59,78,69,25,66,77,84,45,70,39,41,53,110
Endogenous,CLEC6A,NM_001007033.1,41,52,31,46,79,13,31,65,40,32,27,79,75,69,41,6,14,61,81,33,34,26,47,33,82,24,51,28,86,70,36,75,47,48,43,110,66,26,86,28,61,55
Endogenous,CLEC7A,NM_197954.2,1680,2934,2277,1744,1638,3103,2548,1911,2418,1473,673,2569,2170,5553,2878,1660,2365,6175,4725,2573,2183,3416,1953,3552,2655,2377,3997,2833,2287,2725,2007,2749,3389,2395,4903,2758,4478,3422,3670,3288,3735,1943
Endogenous,CMKLR1,NM_004072.1,198,214,254,339,177,109,118,128,273,156,266,259,146,149,228,345,180,101,170,178,151,147,162,171,304,244,133,216,249,176,138,319,182,266,86,276,212,122,134,281,195,260
Endogenous,CR1,NM_000651.4,3383,1846,2085,2550,2706,4407,3146,1947,2082,2049,3628,2008,1651,1707,2559,3067,3504,2617,2284,2025,1634,2913,1317,1588,1787,1912,2469,1310,1205,1618,1357,1437,1603,1736,1325,875,1863,2781,1274,2572,1309,1569
Endogenous,CR2,NM_001006658.1,45,81,34,21,60,76,39,53,62,74,69,30,30,41,108,94,24,37,75,42,38,38,62,40,25,60,28,27,52,29,41,41,31,66,34,45,37,33,63,33,72,66
Endogenous,CRADD,NM_003805.3,82,52,64,72,62,80,103,66,53,86,84,77,45,44,83,67,68,61,60,64,55,77,64,61,58,58,67,80,73,59,43,66,45,62,74,60,75,87,81,66,76,52
Endogenous,CSF1,NM_000757.4,90,58,97,90,86,47,86,78,59,79,50,86,83,70,102,51,110,75,41,45,100,125,93,81,59,86,73,62,98,91,69,52,68,101,56,65,40,89,50,97,52,60
Endogenous,CSF1R,NM_005211.2,44,57,44,57,35,24,34,29,35,31,36,48,34,25,56,40,50,29,30,28,35,31,28,22,35,20,33,19,42,20,21,41,27,33,25,27,22,42,20,36,28,34
Endogenous,CSF2RB,NM_000395.2,5234,2685,2259,4755,2762,3467,5990,2370,1951,1822,3255,3421,1822,2142,3843,3359,4172,2839,2752,2481,2337,4510,1812,2162,1704,3167,2212,1304,1544,2327,2360,2546,1663,3190,1518,1219,1752,4584,2245,3530,1610,1760
Endogenous,CSF3R,NM_156038.2,8788,9328,6303,10086,13532,8861,13285,8047,8623,6422,9236,14565,6788,7906,10032,7372,11400,12346,8754,8304,5506,10978,5954,7538,6999,7475,10610,5160,5845,6840,6624,6883,6477,6816,6355,5345,8267,11352,7952,10206,7197,5855
Endogenous,CTLA4,NM_005214.3,60,65,65,46,51,101,36,76,62,82,34,42,89,55,33,35,77,46,78,44,63,55,95,84,88,41,79,101,64,99,80,98,135,60,91,59,49,41,83,42,78,88
Endogenous,CTNNB1,NM_001098210.1,1758,1910,2070,1739,1918,1858,1708,1835,1988,1969,1782,1833,1929,1926,1733,1880,1913,1848,1942,1884,1824,1909,1865,1665,1864,1980,1730,1705,1752,1600,1880,1836,1837,1898,1979,1660,1625,1835,1607,1898,1828,1784
Endogenous,CTSC,NM_001814.4,3396,3710,2778,3513,2790,2915,2427,2416,3008,3079,2708,2457,1591,2996,2586,2132,3206,3690,2597,2489,3310,2481,2883,3579,2881,3073,3270,3776,4039,2365,2819,3907,2750,2904,4322,4161,3322,2900,3409,3692,2812,2370
Endogenous,CTSS,NM_004079.3,26312,34754,22414,19568,31606,18364,22806,32182,26260,27331,15904,26666,24811,38985,23945,21287,32469,46312,42694,33358,31483,31274,34866,33235,39367,20172,39072,37970,38520,36273,32241,34788,28392,30367,47336,39229,38808,29592,46309,24464,42280,30947
Endogenous,CUL9,NM_015089.2,277,255,242,330,217,260,198,199,219,216,222,207,283,164,244,196,169,147,227,187,155,187,206,180,176,207,142,182,165,141,180,150,235,196,148,206,116,166,163,171,194,231
Endogenous,CX3CR1,NM_001337.3,1693,3104,3243,2903,1632,1417,1651,1659,2482,2541,3111,1820,1875,1740,2227,3124,1937,1050,1670,2161,2332,2085,2130,1556,1870,2583,1859,2099,2245,1582,2158,1617,1457,2193,1293,3157,2122,2245,1159,3159,1736,2487
Endogenous,CXCL1,NM_001511.1,180,179,113,185,314,195,353,235,269,220,153,242,163,339,219,191,363,405,336,309,135,453,136,360,210,189,384,219,183,237,269,239,245,208,225,134,307,336,325,261,202,237
Endogenous,CXCR1,NM_000634.2,2753,3425,2507,3284,3839,3861,4028,3267,2750,1724,3744,4046,2075,3036,3661,3577,4002,5716,3166,2861,2215,5442,2309,3029,2435,3948,3958,2075,1981,2188,2189,3891,2466,3261,2212,1871,3153,4992,2734,3806,2013,2897
Endogenous,CXCR2,NM_001557.2,9522,12082,9049,10192,13388,13139,12854,8874,8531,6294,12163,13674,6533,9255,12135,11467,11716,14670,10028,9299,7187,18935,6287,9164,7323,14094,10403,5472,4791,8806,6405,10817,6701,11954,6680,4887,7850,16631,7286,12990,5974,8236
Endogenous,CXCR3,NM_001504.1,343,187,414,428,219,350,310,280,218,361,324,303,317,258,303,322,358,123,151,322,309,347,249,184,343,381,203,340,339,204,347,245,255,190,357,257,269,283,193,297,213,370
Endogenous,CXCR4,NM_003467.2,3227,4850,4241,2866,6730,5941,4171,6137,4949,5182,3835,6384,5447,7362,3946,4877,7940,7233,6328,6169,5173,6446,7435,6658,6977,5836,6603,6431,6683,8015,6423,8176,8465,6624,7299,5283,5829,5091,7994,5437,7315,8065
Endogenous,CXCR6,NM_006564.1,36,38,175,110,79,194,62,78,102,86,90,93,147,100,108,115,66,98,93,124,108,99,146,118,122,125,105,250,107,58,99,139,83,36,118,215,125,79,193,54,110,80
Endogenous,CYBB,NM_000397.3,4820,5607,3527,3421,3734,2487,2766,3423,3851,4190,2887,3089,3577,3567,3118,3634,4152,3954,4136,3517,5093,3261,4286,2980,4075,2513,3489,3102,4623,3424,3535,3890,2723,3727,6158,4713,4181,3646,3265,3559,3733,3493
Endogenous,DPP4,NM_001935.3,117,114,150,69,142,126,95,149,107,88,132,200,179,109,99,148,166,89,117,148,98,111,141,140,130,86,114,99,130,137,130,78,178,113,151,123,73,117,73,104,141,166
Housekeeping,EEF1G,NM_001404.4,10476,6852,9162,8601,7297,11782,11282,10954,11058,14087,7683,7597,11205,16064,8835,9288,7426,10633,13330,11803,8925,9637,16323,14410,12868,6627,13103,19665,10155,25374,13691,11441,18977,10319,20642,10740,11149,7983,17130,7618,19410,14616
Endogenous,ENTPD1,NM_001098175.1,1061,619,665,630,961,766,869,585,613,494,738,443,528,600,661,537,916,1233,745,486,506,758,484,472,672,619,807,434,454,521,434,548,603,581,486,425,577,813,573,726,554,399
Endogenous,EOMES,NM_005442.2,29,39,105,60,37,58,49,52,63,66,48,45,67,32,41,56,51,39,42,58,64,50,55,52,53,64,44,125,42,34,68,60,38,51,54,104,62,56,48,89,46,37
Endogenous,ETS1,NM_005238.3,4456,3474,5989,3469,3335,6347,3864,4387,4864,6417,4637,2428,5789,4531,4463,5496,3774,2622,5410,4434,4159,4080,5772,4850,4496,4899,3465,5559,3951,5973,5097,3990,6123,4702,5782,3941,3818,3537,4038,4307,5351,7053
Endogenous,FADD,NM_003824.2,42,38,44,32,52,54,62,53,55,30,45,69,74,46,41,35,64,88,44,45,55,66,47,41,60,41,76,65,75,40,44,53,60,42,45,52,45,72,50,48,58,34
Endogenous,FAS,NM_000043.3,128,73,87,148,89,91,94,88,113,95,80,103,64,135,81,72,95,233,154,147,117,120,92,93,141,78,182,140,108,138,109,134,93,107,126,178,144,109,125,146,144,102
Endogenous,FCER1A,NM_002001.2,177,252,205,61,184,243,106,375,258,147,70,434,206,199,317,137,460,392,665,292,440,217,187,437,434,116,651,348,180,815,449,697,223,538,375,226,234,201,668,91,449,417
Endogenous,FCER1G,NM_004106.1,1688,1853,1084,1887,1704,1004,1916,1154,1248,1133,1888,762,1247,2304,1400,1326,2130,1424,1528,1078,1235,1694,1302,1459,1365,1108,1579,1304,1748,1472,1422,1550,1174,1928,1337,1789,1671,1473,1798,1550,1779,1401
Endogenous,FCGR1A/B,NM_000566.3,95,251,70,396,133,245,346,226,131,193,162,232,340,144,68,131,144,292,261,164,250,189,215,241,139,249,257,95,142,255,234,137,215,194,87,354,429,364,178,194,146,123
Endogenous,FCGR2A,NM_021642.3,10238,8756,6729,9661,12017,11423,14231,8182,7312,6566,10964,7606,6227,10188,7408,9952,10270,14272,10833,8168,6902,13733,7459,10337,8019,9937,12010,5861,6570,8257,8503,10332,7269,9454,6869,5375,10284,12746,8744,11106,7117,6618
Endogenous,FCGR2A/C,NM_201563.4,9541,13211,9272,9551,18370,12733,14520,12634,10006,8868,12172,12214,10492,13922,8908,12733,13577,19105,14243,11099,10600,16957,11407,13966,11984,14386,16970,8109,11529,11416,12965,16398,10315,13968,9531,8836,15163,16925,11730,15706,9246,9438
Endogenous,FCGR2B,NM_001002273.1,320,333,567,446,665,422,836,381,307,318,260,567,311,486,446,429,448,973,732,335,412,394,600,760,315,303,629,421,330,479,493,314,697,433,714,378,658,720,491,289,605,493
Endogenous,FCGR3A/B,NM_000570.4,27093,29368,20284,29444,28262,28457,32042,41184,19392,13295,30124,30508,29977,21519,29693,30073,44673,43090,37353,26178,28215,48030,25450,34338,23643,31697,41354,21028,33450,26692,34500,39183,25980,31672,26017,22853,34130,52859,26999,38661,25647,27697
Endogenous,FCGRT,NM_004107.4,4156,3960,2824,4003,4373,2370,3761,2839,3062,2087,3023,3025,2610,2864,4654,3368,4198,4703,3117,2950,2912,4777,2598,2615,2994,3352,3336,2387,2668,2376,2876,3594,2249,3161,2804,2713,2805,4033,3038,3907,2788,2509
Endogenous,FKBP5,NM_001145775.1,761,742,980,710,877,779,976,815,1065,877,1015,1124,922,824,737,719,852,960,928,954,879,894,887,868,1143,830,797,1183,1272,862,810,1021,1106,773,847,1208,832,909,872,742,1036,1271
Endogenous,FYN,NM_002037.3,950,1011,1658,1186,1085,1181,941,1201,1253,1415,1123,1417,1324,1070,1039,1166,995,788,1012,1226,1268,931,1197,1218,1510,1195,1079,1584,1275,1265,1314,1326,1353,1171,1228,1388,1339,1055,1044,1226,1195,1425
Housekeeping,G6PD,NM_000402.2,999,818,720,933,772,451,902,489,552,479,914,569,512,450,961,852,971,532,504,632,521,991,435,440,512,696,449,345,398,380,417,467,380,591,342,390,449,827,401,789,378,540
Housekeeping,GAPDH,NM_002046.3,11756,11105,9660,9322,11025,9166,10668,9927,9607,10744,12223,10715,7769,9743,10773,10699,12594,11720,9517,9548,9169,12351,10031,10070,11884,10705,11231,10204,11797,13657,9970,15097,8011,10083,10894,9972,10054,10639,13080,11166,11504,9762
Endogenous,GATA3,NM_001002295.1,41,32,47,57,36,48,35,49,54,50,57,38,53,32,33,30,32,27,51,51,36,44,36,42,49,53,42,43,48,28,52,46,46,34,63,49,39,44,33,34,38,63
Endogenous,GBP1,NM_002053.1,448,935,573,1270,512,531,574,680,470,1009,359,538,1239,659,340,499,577,840,739,769,1513,628,894,722,757,683,1131,706,1713,494,1051,715,1129,704,845,1649,1432,895,1014,847,679,592
Endogenous,GBP5,NM_052942.3,271,674,458,1102,305,429,353,455,343,681,265,715,503,239,237,365,377,411,460,531,763,356,585,454,399,493,484,381,602,333,722,471,721,562,488,1232,913,697,458,526,391,575
Endogenous,GFI1,NM_005263.2,63,99,270,164,93,139,96,143,249,283,155,178,258,133,106,154,79,81,112,250,233,118,223,133,178,160,177,277,214,175,236,191,179,168,156,412,232,170,151,278,153,210
Endogenous,GNLY,NM_006433.2,2206,2418,3666,4506,1031,1719,1417,1477,3123,2563,3566,3135,1311,2168,5169,2276,1945,1550,1953,3308,4058,3430,1982,2675,4942,3276,1185,3415,3926,2205,4864,3486,2609,1943,1483,6099,4539,2405,1845,2773,2931,1809
Endogenous,GP1BB,NM_000407.4,265,123,302,116,326,253,345,143,198,223,379,271,207,107,315,115,384,242,368,233,258,323,76,172,118,231,48,91,74,315,103,165,58,308,45,490,109,211,127,219,48,177
Endogenous,GPI,NM_000175.2,696,530,652,653,445,389,489,381,470,518,615,513,441,379,598,546,470,256,342,444,403,487,403,353,404,394,323,382,442,414,415,422,418,515,453,378,333,469,340,597,357,496
Endogenous,GPR183,NM_004951.3,699,410,750,374,617,1063,652,1241,1129,1030,413,762,905,1362,496,442,667,790,1156,859,851,651,1577,1548,1403,909,1031,2031,1119,2046,1156,1070,1680,830,2554,1005,1080,558,1229,559,1607,1351
Housekeeping,GUSB,NM_000181.1,338,281,235,273,268,183,163,220,235,215,257,188,207,171,212,234,188,187,191,189,232,183,200,164,199,172,166,182,171,182,204,213,164,209,148,167,195,207,158,194,178,173
Endogenous,GZMA,NM_006144.2,629,538,1416,882,234,1173,861,660,1161,1923,352,735,681,1708,586,547,376,861,977,1229,985,644,1893,1582,1327,764,1447,3163,1182,1962,1225,993,1574,885,1696,2433,2316,645,1163,618,2642,1846
Endogenous,GZMB,NM_004131.3,847,1520,1428,1558,842,1139,662,895,1790,1397,1023,1923,895,1442,1049,1489,846,1269,937,1428,1480,873,1935,1625,2640,1622,1344,2048,2570,1201,1565,2893,1912,1488,1106,2358,2909,849,1356,1580,1818,1624
Endogenous,GZMK,NM_002104.2,363,185,1263,626,396,861,842,828,849,1070,334,388,979,1308,469,447,532,488,582,949,814,609,1248,823,1146,774,1053,2027,885,649,971,738,1073,398,1566,1706,1438,816,919,322,1212,1011
Endogenous,HAVCR2,NM_032782.3,179,274,203,181,204,182,150,201,258,203,143,212,235,206,157,195,203,219,179,190,209,144,243,193,296,210,186,153,305,163,174,297,296,234,174,310,238,184,191,180,265,214
Endogenous,HLA-A,NM_002116.5,14949,15907,12285,18735,15100,14696,13242,13774,12338,12385,12351,16112,14930,12707,16492,11941,9156,13906,11023,12380,14397,14011,11150,9672,11912,14389,11610,15897,14502,9342,16064,12044,10950,13724,11537,13915,14837,15105,11962,14905,10174,14417
Endogenous,HLA-B,NM_005514.6,25638,24160,23869,30002,29309,25103,22203,21939,20817,19627,24655,24176,20744,19919,26276,23546,18937,27020,19596,23714,23535,29596,22529,21803,23563,28989,21506,26999,23270,17099,22298,26144,24349,23569,23622,25349,27390,27451,22584,24271,18251,23938
Endogenous,HLA-C,NM_002117.4,11055,2150,3667,13763,7216,7288,8557,5301,3292,5779,9771,8410,5895,1788,12820,2259,5707,6604,4144,5979,6141,12804,4070,5088,5026,2260,5446,3915,7637,3356,7927,7333,3988,1436,5873,2078,6489,8922,3018,4781,2690,5091
Endogenous,HLA-DMA,NM_006120.3,894,968,782,1014,942,811,648,889,873,743,709,818,923,636,1292,882,838,767,870,733,1083,754,1032,790,975,840,863,787,1005,699,944,970,879,913,939,1069,847,643,995,754,936,853
Endogenous,HLA-DMB,NM_002118.3,782,1323,1042,1125,1345,1161,661,1308,1221,1170,804,1417,1055,1094,1081,950,854,1228,1194,923,1238,754,1556,1067,1275,856,1217,1179,1370,1013,1225,1330,1140,1117,1604,1656,1374,880,1654,924,1591,1152
Endogenous,HLA-DOB,NM_002120.3,168,277,300,203,354,684,295,592,425,416,339,271,415,281,443,342,200,299,564,329,475,243,760,361,264,395,429,434,373,215,420,176,403,397,627,389,371,223,587,196,579,434
Endogenous,HLA-DPA1,NM_033554.2,3833,6482,4736,5689,5420,4338,3410,6135,5246,5574,3900,3757,6546,4575,5589,3985,5929,6101,5668,5175,8035,4815,6469,5006,7839,6014,7050,7144,7795,4330,5580,7420,6396,7885,9420,8760,5994,4809,7826,4633,6375,5740
Endogenous,HLA-DPB1,NM_002121.4,4098,6811,5741,6031,6278,4497,3540,6915,6627,5764,4513,4133,6310,5518,4751,4750,4822,4958,5588,5768,8001,4510,8703,5516,7492,5066,7392,6940,7303,4044,6628,7151,6394,6996,12435,9243,6445,4156,7907,4701,6903,6206
Endogenous,HLA-DRA,NM_019111.3,11977,15343,8817,10973,12961,12484,7520,15662,15617,12891,5908,11415,12144,15746,9434,9858,10648,16317,17163,10923,16179,9513,21994,15298,18282,8963,20071,19814,18950,12418,17361,16326,17341,14374,28160,20377,17928,9058,21857,8841,23267,16415
Endogenous,HLA-DRB1,NM_002124.2,114,1108,766,648,575,374,305,783,2054,1981,697,994,255,354,4498,24,581,299,286,362,3085,2085,4328,299,2681,3488,734,573,4469,80,552,2489,474,500,2572,811,780,246,1897,441,362,552
Endogenous,HLA-DRB3,NM_022555.3,2979,2592,1956,2858,2668,1439,1614,2141,2469,1774,2038,3288,1951,1099,2464,1459,1976,1505,1849,1686,2723,1446,2185,1619,2421,1738,2032,1344,2575,1138,2357,1955,1482,2525,1968,2499,2107,1121,1474,1986,1927,2144
Housekeeping,HPRT1,NM_000194.1,268,331,379,257,325,341,285,467,419,441,262,312,424,589,255,286,272,367,433,306,405,320,483,445,458,322,455,588,493,681,456,462,504,450,578,448,462,324,480,289,597,482
Endogenous,HRAS,NM_005343.2,52,39,46,59,48,72,42,56,48,63,47,76,55,39,60,70,49,46,47,50,47,43,55,37,58,55,42,67,66,81,70,69,53,57,55,57,43,46,75,61,75,65
Endogenous,ICAM1,NM_000201.2,246,355,301,357,358,255,309,281,231,237,291,377,190,225,305,358,329,313,219,238,324,297,256,243,267,296,272,279,222,241,289,303,205,319,251,284,287,351,220,344,216,239
Endogenous,ICAM2,NM_000873.3,432,425,481,521,398,464,412,447,480,465,457,603,469,455,562,457,533,408,402,468,493,388,532,589,471,453,502,576,702,482,583,530,639,550,423,619,430,424,626,449,565,491
Endogenous,ICAM3,NM_002162.3,8626,7139,6815,7198,8709,4941,10652,6605,6095,4167,7473,8544,5413,6629,7287,6820,8814,8128,6068,7587,4658,9586,5152,5777,5817,7863,6611,4951,4409,4959,6025,6091,4544,6259,4880,4070,5134,8722,6012,7312,5187,5174
Endogenous,ICAM4,NM_001039132.1,50,29,39,62,52,80,76,57,56,52,81,50,108,60,67,61,87,78,91,61,47,25,27,51,86,78,65,70,55,155,52,101,53,69,36,82,73,93,37,90,54,83
Endogenous,ICOS,NM_012092.2,104,87,143,109,133,198,112,219,160,236,106,162,216,232,104,134,139,154,148,154,134,130,207,196,213,92,183,300,224,360,241,139,316,165,252,137,135,130,245,130,242,255
Endogenous,ICOSLG,NM_015259.4,182,132,109,118,126,238,124,216,156,142,168,101,152,126,227,186,131,150,175,161,134,111,216,143,136,149,79,127,177,109,203,139,200,197,112,179,106,129,221,111,233,148
Endogenous,IDO1,NM_002164.3,26,56,26,27,46,74,65,61,47,239,19,161,52,156,26,32,91,53,75,88,159,59,121,60,53,128,54,117,218,272,41,65,79,91,195,149,90,68,82,171,122,75
Endogenous,IFI16,NM_005531.1,678,1218,812,828,1200,961,1105,1096,999,1214,786,1974,1315,1139,646,831,889,1222,1411,1104,1525,992,1228,1189,1156,1102,1137,939,2121,1066,1195,1022,1277,1205,1281,1174,1318,1092,897,1176,1332,1074
Endogenous,IFI35,NM_005533.3,200,195,166,232,146,154,195,163,160,200,174,281,172,131,206,175,154,154,148,165,248,166,150,154,147,154,130,138,290,143,218,126,196,185,181,203,170,169,183,227,153,166
Endogenous,IFIH1,NM_022168.2,297,300,261,345,258,308,295,287,263,343,249,280,308,278,337,315,280,335,331,303,438,243,336,293,293,312,275,298,458,261,380,262,415,279,315,378,365,321,283,377,313,319
Endogenous,IFIT2,NM_001547.4,704,1317,731,440,394,393,1382,1148,823,2239,1085,922,1446,1526,344,816,1481,561,1465,1242,817,1303,374,2372,772,317,1350,217,3866,1047,1227,903,557,362,1321,1116,2392,391,933,1310,909,837
Endogenous,IFITM1,NM_003641.3,7341,8235,8131,10944,7584,13472,12079,12224,8929,13942,13204,9454,9959,12865,9411,10466,10456,12777,13801,11680,14874,12547,13364,16006,12732,10329,16306,14893,19960,16848,15334,15745,19181,13968,12874,15019,19763,12455,16738,12548,16146,11085
Endogenous,IFNAR1,NM_000629.2,152,202,168,201,209,253,222,235,168,188,252,161,232,191,194,203,240,209,250,208,177,221,173,200,180,202,258,187,153,198,160,198,172,173,199,159,161,274,176,214,189,172
Endogenous,IFNAR2,NM_000874.3,2019,2741,2422,1919,3037,2595,2261,2499,2535,2254,1992,3258,2254,2594,1818,2217,2716,2815,2551,2151,2121,2565,2253,2628,2378,2534,2670,2267,2081,2339,2223,2166,2376,2325,2151,2108,2170,2526,2093,2367,2306,2076
Endogenous,IFNGR1,NM_000416.1,3265,2852,2473,1777,3253,3624,3954,3890,3496,3315,1522,4021,3126,5219,2351,2237,3666,5949,4523,3259,3005,3882,4064,4572,4642,2384,4990,4298,4128,5712,3616,4429,3870,3196,5360,4255,4493,3134,5389,2376,5356,3814
Endogenous,IGF2R,NM_000876.1,2341,1939,1719,2438,1640,1045,2122,825,1166,703,1743,1563,765,798,2105,1494,1820,1240,1039,1086,845,2018,700,711,786,1073,683,593,488,408,792,661,577,1048,542,547,697,1640,545,1245,543,847
Endogenous,IKBKAP,NM_003640.3,109,146,197,120,140,152,144,121,103,154,149,157,149,114,141,153,122,81,149,152,144,147,148,112,115,121,90,88,123,97,155,108,132,138,135,101,119,148,82,143,113,158
Endogenous,IKBKB,NM_001556.1,436,442,378,398,433,401,332,367,374,351,366,380,422,283,415,348,361,294,305,252,348,333,266,274,304,299,269,268,275,328,346,303,289,325,310,301,234,331,273,324,288,260
Endogenous,IKBKE,NM_014002.2,543,383,348,461,343,419,344,362,395,433,476,360,481,379,472,398,386,273,244,317,285,324,329,336,419,282,274,376,507,422,304,345,418,308,319,356,296,315,325,353,355,414
Endogenous,IKBKG,NM_003639.2,673,418,457,628,468,362,494,357,421,311,474,402,415,394,567,435,501,397,369,426,357,495,368,340,356,362,323,250,300,368,360,359,351,377,310,379,329,501,324,464,308,388
Endogenous,IKZF1,NM_006060.3,532,525,610,533,551,611,584,476,575,536,632,518,531,415,559,591,523,333,519,447,483,568,591,482,461,486,399,475,383,441,505,417,480,534,529,467,363,563,374,533,431,573
Endogenous,IKZF2,NM_016260.2,196,220,330,202,220,305,178,325,319,313,360,320,288,295,309,299,252,218,268,272,320,221,275,267,385,329,212,394,249,313,271,181,233,253,262,267,158,188,295,244,206,161
Endogenous,IKZF3,NM_183232.2,522,320,736,641,357,518,523,452,481,603,583,269,569,387,505,580,354,298,403,529,533,459,531,485,413,659,413,605,397,361,535,375,553,435,456,537,444,381,358,593,419,567
Endogenous,IL10RA,NM_001558.2,3920,2757,3297,4208,2950,2489,2857,3346,3324,3055,3340,2807,3488,2695,3147,3468,3421,2751,2342,3207,3441,2530,2932,3384,4129,2951,2686,3784,3480,2824,3501,4054,3453,2841,3305,3970,3157,2627,2859,3405,2727,3093
Endogenous,IL11RA,NM_147162.1,233,64,96,185,91,121,110,66,111,93,159,59,144,64,134,102,80,54,77,108,71,90,76,96,70,74,59,78,77,94,88,83,101,86,76,74,59,72,94,65,97,104
Endogenous,IL12RB1,NM_005535.1,193,120,146,178,82,94,153,104,120,80,147,105,121,74,161,114,118,106,96,117,156,142,116,106,146,99,148,148,135,100,114,130,131,113,99,224,127,130,99,146,108,129
Endogenous,IL13RA1,NM_001560.2,786,1294,1109,1046,1265,1003,1592,1002,1173,1255,982,1826,860,1311,1389,1137,1734,1676,1207,1257,1204,1861,1118,1150,1209,1315,1303,924,1091,1556,1216,1250,1132,1602,1280,1066,1221,1774,1231,1343,1025,1652
Endogenous,IL15,NM_172174.1,44,85,33,47,59,21,46,61,61,75,34,37,140,88,28,40,46,53,112,73,75,43,79,53,86,55,108,57,121,75,38,79,39,54,85,93,102,63,52,45,110,61
Endogenous,IL16,NM_004513.4,4132,4054,4313,3823,4825,4776,4417,4176,4099,3925,4211,3479,3915,4425,4499,4525,4763,5958,3943,4523,3726,5316,4437,4127,4208,4154,4762,4149,3679,3092,4350,4042,4469,4074,4122,3692,3487,4215,4531,4414,4012,3973
Endogenous,IL18,NM_001562.2,107,82,94,50,74,64,79,87,110,85,38,64,146,91,100,97,50,132,38,99,115,57,84,72,84,79,94,101,58,116,70,81,82,68,159,90,83,53,82,66,110,93
Endogenous,IL18R1,NM_003855.2,346,172,345,250,290,353,323,324,338,254,221,351,248,424,272,288,371,612,280,403,339,332,283,359,467,299,401,410,363,292,306,475,307,307,262,331,432,390,346,230,260,332
Endogenous,IL18RAP,NM_003853.2,572,870,764,518,348,892,534,1223,817,430,393,1077,851,1235,531,412,388,1157,403,591,651,1208,332,952,1008,933,953,382,862,368,654,691,1007,483,701,642,489,699,662,429,505,233
Endogenous,IL1B,NM_000576.2,405,289,237,412,226,401,637,252,251,282,484,288,266,255,291,407,241,368,362,284,254,379,170,303,235,362,372,184,214,342,219,316,134,296,221,152,302,450,223,333,176,188
Endogenous,IL1R1,NM_000877.2,45,40,28,49,65,34,72,48,47,35,43,79,40,48,37,48,43,80,25,46,27,36,27,37,30,22,48,22,26,35,41,27,28,37,23,24,39,55,40,37,26,29
Endogenous,IL1R2,NM_173343.1,1018,449,421,687,716,397,1185,520,538,420,586,662,362,547,754,639,744,1146,320,569,306,1024,493,587,638,530,662,431,377,565,535,571,440,460,361,376,657,721,594,554,298,609
Endogenous,IL1RAP,NM_002182.2,823,573,662,725,767,809,1187,696,727,545,792,920,582,847,816,687,611,1166,935,759,689,1308,739,767,685,1027,855,554,536,1377,666,1127,709,1097,604,572,970,1504,734,969,573,895
Endogenous,IL1RL1,NM_016232.4,23,32,57,8,38,76,21,66,60,44,19,122,49,36,30,34,94,68,27,66,117,104,27,34,71,76,58,30,53,52,27,108,57,119,67,24,43,56,43,69,24,42
Endogenous,IL1RN,NM_000577.3,276,144,148,270,240,249,410,180,147,205,319,220,172,234,260,304,371,346,195,235,153,311,114,180,161,231,261,117,252,190,178,231,156,193,135,117,223,328,251,290,154,155
Endogenous,IL21R,NM_021798.2,107,109,110,147,99,131,79,146,91,156,153,94,111,58,178,187,98,64,78,124,144,100,144,101,96,102,99,143,60,171,170,89,150,95,95,154,79,89,142,92,139,117
Endogenous,IL23A,NM_016584.2,53,33,45,59,32,100,51,66,53,58,36,47,81,74,46,35,43,39,59,61,46,48,79,67,55,43,74,93,55,88,42,43,120,54,116,49,67,43,85,35,97,96
Endogenous,IL2RA,NM_000417.1,128,105,162,68,135,128,115,150,146,138,132,133,163,124,75,67,162,120,112,138,116,110,161,176,171,113,117,166,150,172,114,146,198,161,222,134,100,79,139,122,161,123
Endogenous,IL2RB,NM_000878.2,999,798,872,1472,570,667,697,620,761,814,738,803,484,567,1289,931,551,487,463,657,750,594,563,821,797,1211,461,657,754,437,742,536,838,887,616,1086,617,687,425,799,732,517
Endogenous,IL2RG,NM_000206.1,3074,3467,4065,3685,3171,4320,3680,3240,3441,3609,4289,2692,3782,3343,3259,4159,3167,2737,3106,3766,3505,3360,3810,3606,3044,4269,3339,3456,3054,3309,4305,3345,3877,4103,3611,3694,3372,3918,3072,4342,3193,4001
Endogenous,IL32,NM_001012633.1,89460,34151,38937,55142,26617,47830,53842,23677,47172,26112,45133,33787,25205,30425,31815,34088,43874,31298,31696,26319,29710,44963,24237,21632,36093,31864,37079,27440,24780,57120,36231,31493,19149,29837,40024,27239,20925,44949,25233,46886,24309,38027
Endogenous,IL4R,NM_000418.2,2763,1819,1551,1924,1694,2954,2862,1912,1874,1836,2554,1318,1992,1867,1698,1944,1480,1803,1956,1851,1403,1864,2291,1735,1300,1914,1580,1302,1298,1507,1657,1469,1733,1831,1022,1696,1561,1922,2045,1508,1827,1309
Endogenous,IL6R,NM_000565.2,2081,1923,1553,2118,2044,1629,2242,1202,1269,1180,2068,1767,1097,1242,2064,1619,2150,1479,1379,1378,1282,2225,1033,1297,1212,1446,1497,1044,1018,937,1267,1154,1088,1385,1121,863,1154,2008,951,1631,1007,1247
Endogenous,IL6ST,NM_002184.2,1098,1014,1253,750,1202,1563,1024,1245,1000,1786,937,966,1921,1412,1065,1334,1123,1140,1688,1615,1328,1326,1844,1632,1335,1148,1329,1647,1451,2326,1563,1102,2441,1550,1562,1002,1152,1175,1604,1033,1636,2179
Endogenous,IL7,NM_000880.2,26,32,29,23,46,41,30,35,48,50,36,35,48,29,37,22,27,33,47,57,52,24,54,42,35,29,44,72,35,43,41,38,39,36,84,24,64,25,38,34,72,41
Endogenous,IL7R,NM_002185.2,3318,2349,5631,3241,3743,5368,3868,4744,5280,5259,4374,4250,6151,4975,3479,5292,4795,3213,5206,6299,4630,4223,5704,7165,6309,5417,4256,7564,5158,6676,5780,5891,7717,4310,9223,4474,4470,4148,5642,3617,6044,6841
Endogenous,IL8,NM_000584.2,109,111,73,82,170,176,324,294,160,283,101,292,131,335,161,116,496,344,329,295,187,421,119,483,346,97,337,394,455,594,417,245,754,199,508,317,479,270,541,157,277,804
Endogenous,ILF3,NM_001137673.1,1570,1672,2025,2037,1451,1671,1371,1590,1706,1880,1848,1553,2484,1393,1787,1950,1413,1042,1605,1770,1740,1471,1798,1489,1513,1588,1303,1713,1482,1661,1675,1344,1960,1604,1738,1588,1297,1390,1406,1522,1626,1833
Endogenous,IRAK1,NM_001569.3,305,283,270,315,281,249,291,288,248,221,278,387,289,231,333,281,333,235,224,296,238,299,255,247,278,242,215,289,338,184,290,269,252,290,271,274,230,259,367,274,300,237
Endogenous,IRAK2,NM_001570.3,111,105,115,119,87,110,164,102,107,121,163,115,72,93,149,140,101,60,93,124,70,116,105,137,85,130,47,83,65,108,102,66,113,126,72,148,92,136,105,98,87,87
Endogenous,IRAK3,NM_007199.1,198,254,181,117,195,117,200,170,179,111,155,281,181,105,100,115,194,195,133,135,140,150,101,120,164,128,143,108,136,95,107,159,94,104,108,165,173,200,110,140,89,118
Endogenous,IRAK4,NM_016123.1,436,524,592,394,562,569,562,504,675,537,430,487,702,631,377,451,533,539,561,448,503,491,580,565,617,551,659,614,517,614,476,556,599,508,652,509,566,503,569,505,559,539
Endogenous,IRF1,NM_002198.1,1848,2289,1809,2651,2008,1634,1753,1846,1690,1722,1856,2134,1755,1611,1877,1934,2065,2305,1763,1929,2041,2470,1641,1770,1833,2183,1781,1530,1854,1514,1897,1836,1626,1990,1316,2018,1876,2363,1760,2269,1513,1529
Endogenous,IRF3,NM_001571.5,109,75,97,111,83,114,121,76,86,77,93,106,116,64,93,80,87,74,90,74,62,80,60,63,70,79,77,69,76,63,68,65,86,84,58,66,79,90,74,88,70,85
Endogenous,IRF4,NM_002460.1,249,160,233,158,186,324,154,200,171,152,238,174,239,124,240,186,187,146,180,147,197,115,250,158,149,147,137,227,201,174,132,134,223,194,194,115,134,137,161,195,217,197
Endogenous,IRF5,NM_002200.3,319,255,176,238,224,177,160,192,212,171,189,285,253,156,211,170,170,181,154,184,214,169,171,127,176,132,139,124,234,122,177,153,143,197,161,168,128,149,169,148,192,160
Endogenous,IRF7,NM_001572.3,303,180,179,273,190,153,254,171,152,159,181,193,257,185,272,196,181,292,215,194,289,207,181,188,180,174,160,158,307,178,201,179,229,194,169,210,162,195,179,199,244,196
Endogenous,IRF8,NM_002163.2,481,680,606,467,700,609,367,634,637,647,513,773,523,556,751,694,441,474,610,453,656,441,676,573,534,523,502,617,696,571,643,648,550,611,844,529,498,419,734,474,770,601
Endogenous,ITGA2B,NM_000419.3,492,371,841,173,278,227,794,104,274,230,646,307,513,158,217,109,288,166,359,377,298,244,72,106,103,196,28,35,45,123,74,141,69,292,20,264,87,222,52,172,29,209
Endogenous,ITGA4,NM_000885.4,761,1114,1124,1083,801,1020,768,989,1004,1220,932,1189,796,1005,938,816,1035,752,932,878,1087,832,1122,932,738,916,863,1116,879,1158,931,842,1074,865,1185,1108,950,859,1030,1063,1094,1204
Endogenous,ITGA5,NM_002205.2,1888,1639,1386,1808,1749,1042,1700,1100,1231,1053,1499,1050,995,1221,1963,1518,1675,1683,1333,1299,1079,1998,1164,1082,1088,1542,1154,930,867,906,1133,1215,1011,1351,897,823,954,1694,930,1463,967,1269
Endogenous,ITGA6,NM_000210.1,292,359,550,306,343,655,292,320,306,514,362,290,661,399,360,454,419,253,445,450,367,491,429,465,314,458,295,426,381,518,434,297,702,495,502,295,260,353,389,429,406,649
Endogenous,ITGAE,NM_002208.4,96,122,118,104,144,156,90,173,221,208,87,105,140,225,99,108,125,177,183,132,154,113,202,182,178,97,185,250,159,223,155,204,207,135,296,193,208,110,226,107,273,195
Endogenous,ITGAL,NM_002209.2,2502,2114,2326,2903,1421,1399,2270,1275,1451,1497,2688,1249,1651,1019,2403,2034,1437,1028,1159,1498,1656,1738,1197,992,1117,1437,1059,1307,1247,873,1357,1160,1093,1342,1114,1593,1251,1682,924,1860,1046,1581
Endogenous,ITGAM,NM_000632.3,2165,1578,1268,1767,1489,973,2040,871,1050,837,1694,1383,867,756,1538,1580,1518,1135,877,1075,1010,1653,764,756,908,984,924,657,715,643,835,831,642,1072,677,813,834,1536,683,1211,688,730
Endogenous,ITGAX,NM_000887.3,5782,5664,3951,6609,4713,4169,7851,2578,4198,3221,5731,4750,3945,3618,6535,6028,4934,7734,4520,3006,3215,4910,3362,3942,3357,3511,3863,2237,2721,3189,2311,2856,3894,5176,1962,3537,3815,4950,2489,4216,3158,4093
Endogenous,ITGB1,NM_033666.2,1150,1603,2378,1153,1324,1328,1104,1837,2154,2306,1499,1658,1889,1907,1106,1237,1392,1453,1962,2076,2271,1123,1910,1933,2382,1650,1566,2225,1893,1830,1724,2008,1703,1433,3019,1765,2346,1248,1208,1459,1781,2324
Endogenous,ITGB2,NM_000211.2,12308,8814,5927,10445,5462,4429,7606,4914,4544,4115,8434,5558,3816,3886,6750,7783,7081,4199,4374,5594,5009,6237,4119,2669,3817,5533,3094,2350,3700,2325,5021,3621,2778,4490,3571,3512,3832,5622,3141,6561,3457,3934
Endogenous,ITLN1,NM_017625.2,10,26,41,58,41,29,17,25,33,30,84,93,115,69,30,21,62,30,19,55,35,12,34,76,18,18,54,28,20,262,17,22,38,88,16,37,116,48,31,60,19,45
Endogenous,JAK1,NM_002227.1,2607,2405,2520,2457,2226,2009,2311,1648,1917,1922,2258,1944,1681,1458,2099,2395,2056,1742,1712,2089,1689,2403,1656,1528,1507,2291,1344,1341,1193,1139,1681,1402,1482,1978,1557,1366,1450,2113,1240,2120,1358,1744
Endogenous,JAK2,NM_004972.2,1559,2023,1293,1445,1499,1183,1269,1291,1534,1779,1240,1260,1067,1715,1419,1247,2229,1959,1819,1474,2060,1836,1567,1284,1570,1397,1881,1171,1677,1828,1412,1410,1339,1657,1733,1702,1580,1644,1694,1597,1713,1380
Endogenous,JAK3,NM_000215.2,1273,791,911,1300,780,1021,1555,879,706,776,1306,669,857,645,964,1272,698,747,824,744,697,1051,793,750,683,839,769,649,624,629,738,694,797,855,589,639,700,1019,639,948,667,739
Endogenous,KCNJ2,NM_000891.2,921,831,613,966,682,1002,1438,756,674,681,944,676,528,1035,586,964,793,1491,1012,893,732,1051,656,805,798,1184,1131,546,558,993,928,980,776,847,671,894,1164,1370,725,1059,732,831
Endogenous,KIR_Activating_Subgroup_1,NM_001083539.1,66,53,18,201,11,40,19,43,149,47,148,33,43,36,26,4,38,35,77,32,64,59,48,57,39,6,28,154,91,54,67,15,131,81,27,40,60,66,17,70,92,9
Endogenous,KIR_Inhibiting_Subgroup_1,NM_014218.2,90,36,61,117,66,54,28,48,99,48,139,65,30,69,88,100,25,82,32,47,116,48,97,68,126,144,33,77,172,94,83,162,98,83,42,54,100,91,54,71,52,45
Endogenous,KIR_Inhibiting_Subgroup_2,NM_014511.3,83,44,75,125,55,34,37,54,112,66,115,82,36,58,104,80,18,63,27,51,116,29,91,59,92,125,33,85,166,71,87,176,73,84,42,63,78,99,46,64,64,35
Endogenous,KLRAP1,NR_028045.1,21,18,47,35,39,49,48,79,54,69,28,43,70,55,40,39,40,25,53,58,48,41,65,28,84,27,67,145,39,93,56,60,71,31,58,117,71,36,57,60,73,90
Endogenous,KLRB1,NM_002258.2,707,384,556,754,227,1013,934,621,1131,1377,345,341,532,2384,751,617,432,923,1424,1011,551,486,1640,1570,1060,629,1286,2256,822,2211,1106,535,1761,502,2049,1737,1739,599,1797,348,2710,1253
Endogenous,KLRC1,NM_002259.3,180,203,272,106,65,332,115,117,285,185,301,201,141,415,138,87,206,105,127,172,125,127,298,287,274,299,105,198,304,343,148,179,220,81,122,561,321,89,416,129,244,111
Endogenous,KLRC2,NM_002260.3,87,206,324,114,105,260,131,161,669,414,295,305,190,252,127,102,148,85,157,122,207,106,557,230,192,224,94,432,243,283,144,210,164,77,121,384,322,101,365,106,361,68
Endogenous,KLRC3,NM_007333.2,214,99,398,169,106,242,148,161,574,780,306,468,152,415,194,236,158,105,277,586,526,299,1161,532,1000,804,180,767,581,969,628,841,202,113,210,584,676,116,504,249,562,96
Endogenous,KLRC4,NM_013431.2,152,157,391,314,149,336,184,652,490,590,251,543,352,405,172,292,120,177,310,369,604,229,636,238,510,472,445,1299,573,560,581,522,288,241,647,558,626,346,405,302,425,680
Endogenous,KLRD1,NM_002262.3,225,334,749,492,239,685,427,398,911,929,559,869,408,424,415,607,317,415,420,768,644,474,680,722,999,942,628,1223,762,659,948,668,783,556,647,1776,1032,644,517,556,752,888
Endogenous,KLRF1,NM_016523.1,271,455,441,226,279,520,287,442,1229,681,161,968,279,822,350,317,287,568,519,563,530,254,872,1101,1213,854,636,1226,611,887,548,662,1236,639,734,1535,838,344,695,335,1268,370
Endogenous,KLRG1,NM_005810.3,231,178,914,434,259,684,411,448,703,680,501,273,538,339,515,783,214,244,286,592,480,561,658,383,1014,603,522,1095,285,668,520,642,879,457,428,1645,623,481,512,585,364,971
Endogenous,KLRK1,NM_007360.1,580,673,2035,838,547,962,991,1496,1662,2312,695,1553,1652,1872,824,1058,573,938,1258,1721,1402,888,1864,1354,1386,1413,1321,3212,1555,2475,1807,1060,1638,995,2339,2685,2312,930,1850,1084,2599,2208
Endogenous,LAG3,NM_002286.5,58,61,153,201,64,82,86,75,59,162,143,76,135,65,115,108,77,30,74,134,154,138,92,53,64,88,99,172,105,81,124,127,51,46,90,182,109,105,58,170,84,166
Endogenous,LAIR1,NM_002287.3,812,624,769,723,557,792,666,535,592,601,689,740,692,591,827,655,608,402,485,580,607,544,699,622,602,751,646,533,805,584,654,526,804,668,581,698,466,536,695,554,658,709
Endogenous,LCK,NM_005356.2,836,723,1233,1159,722,1198,1020,1089,989,1324,1041,941,1312,1017,1019,1104,782,661,894,1195,824,949,1126,1133,948,971,858,1315,992,1011,1312,999,1542,923,1031,1164,822,835,1117,1036,1150,1338
Endogenous,LCP2,NM_005565.3,5344,5282,4876,6374,5763,5530,5884,4378,4704,5355,5989,4415,5619,4965,6403,5971,6758,5723,4603,5212,5075,6757,5063,4929,4724,5821,5032,4756,4766,4136,5148,4802,5133,5557,4986,4867,4072,6251,4665,6118,4360,4852
Endogenous,LEF1,NM_016269.3,1195,1036,1158,1206,1027,1916,1282,1124,838,1648,1742,798,2015,1421,1254,2006,1123,699,1454,1443,969,1344,1500,1191,840,998,979,1327,1100,2000,1489,963,1988,1540,1264,656,628,1170,1366,1119,1511,1992
Endogenous,LGALS3,NM_001177388.1,2179,1722,2073,2358,1769,2896,2944,1808,2695,3010,3110,4893,4892,2236,1094,3119,2339,2462,3725,2501,2312,1336,1605,4107,2157,2214,2589,2421,1988,9658,1526,3620,1380,3739,1918,2109,3913,2319,1693,2931,1909,4405
Endogenous,LILRA1,NM_006863.1,457,519,374,438,563,238,363,378,372,257,458,475,354,281,551,483,458,402,307,318,346,575,304,324,370,312,286,329,399,230,305,390,168,363,247,293,311,463,238,499,264,296
Endogenous,LILRA2,NM_006866.2,1788,1837,1047,1813,2321,1263,1836,1646,1421,918,1691,1504,1189,1592,2149,1851,2425,2579,1503,1543,1486,2477,1341,1385,1387,1478,1698,1178,1134,1238,1800,1804,872,1867,1263,1250,1447,2328,1278,2092,1249,1347
Endogenous,LILRA3,NM_006865.3,1165,399,955,201,822,171,317,382,242,448,307,533,131,321,537,518,1331,709,331,972,375,687,4,669,454,404,163,428,181,335,254,660,367,468,421,373,433,1018,100,360,237,183
Endogenous,LILRA4,NM_012276.3,34,22,40,27,72,20,24,42,28,28,19,99,21,34,25,30,27,36,11,34,53,29,22,29,37,15,48,38,34,39,26,47,31,36,84,24,25,27,27,23,31,42
Endogenous,LILRA5,NM_181879.2,3639,1945,1992,1434,3231,2762,1995,2092,1998,1552,2537,2277,1438,2584,1899,3083,3607,3728,1687,2711,2047,2812,1705,3081,3026,1982,3445,2043,2891,1559,1914,3798,1982,1949,1908,1482,2782,2712,2220,2036,2110,973
Endogenous,LILRA6,NM_024318.2,1228,1204,553,1109,949,680,1074,701,1005,513,1057,1463,818,843,776,527,1332,1100,674,411,592,822,626,450,954,797,522,492,827,866,706,684,610,728,463,598,845,871,483,844,504,728
Endogenous,LILRB1,NM_001081637.1,330,594,489,485,501,291,285,476,483,417,550,514,592,330,324,356,351,316,432,403,620,328,467,388,434,285,389,500,563,323,392,387,327,488,362,697,504,315,314,405,482,381
Endogenous,LILRB2,NM_005874.1,3047,2369,1859,2607,2671,1572,2145,1754,1669,1283,2289,2853,1228,1773,2667,2258,2473,2459,1584,2193,1571,2528,1468,1667,1716,1561,1758,1409,1487,1203,1589,1845,1098,1780,1430,1494,1844,2509,1471,2121,1521,1226
Endogenous,LILRB3,NM_006864.2,1462,1014,1072,1058,1347,1115,1584,654,895,601,1033,1702,818,875,983,973,1032,1193,882,789,792,1215,684,708,790,930,1013,507,678,746,626,749,603,840,499,561,834,1205,627,1123,598,732
Endogenous,LILRB4,NM_001081438.1,211,234,256,240,249,142,190,219,215,193,229,205,291,208,224,241,220,220,241,194,284,160,248,162,199,167,196,177,305,204,190,307,171,247,199,221,189,180,197,233,242,258
Endogenous,LITAF,NM_004862.3,11095,7402,6944,11546,9055,9362,14399,6097,6360,6179,11729,5146,5003,6819,10121,10467,10408,9340,6946,7366,5637,13545,4715,6460,5763,10563,6852,4811,3819,5056,6482,8376,4894,8793,5009,4325,6323,10978,4964,10023,4395,4921
Endogenous,LTA,NM_000595.2,136,155,158,140,135,223,120,184,104,150,170,110,193,147,139,111,99,136,143,98,128,157,198,152,108,114,159,159,170,143,152,96,231,142,150,120,87,97,153,141,165,180
Endogenous,LTB4R,NM_181657.3,673,338,295,444,512,267,431,290,332,235,396,319,251,262,539,317,541,550,234,262,231,418,262,277,357,292,369,311,348,266,254,350,244,295,244,356,314,325,315,382,277,393
Endogenous,LTB4R2,NM_019839.4,363,185,228,363,253,189,258,224,252,196,279,164,210,187,338,246,267,219,173,173,224,194,229,226,271,210,209,245,216,275,167,223,253,203,204,337,247,202,251,182,213,276
Endogenous,LTBR,NM_002342.1,476,457,272,563,343,302,555,317,356,291,345,575,339,255,493,459,402,402,289,317,297,460,298,287,283,353,312,245,338,292,285,365,226,365,288,290,275,503,292,429,280,328
Endogenous,LTF,NM_002343.2,1430,481,306,110,41,190,150,77,184,195,625,93,134,224,83,526,73,153,149,360,71,132,85,62,284,345,192,161,249,388,63,308,79,148,77,228,143,531,75,406,164,189
Endogenous,LY96,NM_015364.2,440,307,201,263,283,577,909,334,432,575,173,346,294,1452,236,189,321,723,845,425,245,446,641,845,526,196,832,685,356,1312,330,319,644,258,946,328,992,328,515,254,1021,522
Endogenous,MAF,NM_005360.4,61,63,88,62,73,112,60,186,118,107,68,91,162,105,69,69,124,175,106,129,148,87,121,156,156,85,137,206,139,146,115,173,139,144,116,218,132,64,150,96,117,158
Endogenous,MALT1,NM_006785.2,837,827,943,570,757,1161,633,1130,1117,1262,600,662,968,1153,673,761,879,780,1142,1010,1029,782,1373,1133,1169,865,981,1200,1142,1000,1143,1014,1413,948,1424,1127,910,704,1200,795,1245,1112
Endogenous,MAP4K1,NM_007181.3,567,343,600,585,343,544,380,531,511,528,550,411,556,307,559,478,381,222,354,483,493,416,518,435,496,418,361,500,436,392,492,419,444,454,468,514,407,308,392,512,435,437
Endogenous,MAP4K2,NM_004579.2,600,404,467,547,501,540,535,335,413,417,584,382,580,382,637,568,519,421,391,400,348,442,374,375,376,439,350,424,417,431,420,350,474,362,335,335,276,410,520,430,388,421
Endogenous,MAP4K4,NM_004834.3,925,1320,1304,895,1087,976,1005,971,1064,879,1016,2027,1170,996,910,988,1374,973,1021,1362,811,1118,779,847,842,884,804,625,673,804,809,825,731,910,818,603,771,1246,670,1031,770,922
Endogenous,MAPK1,NM_138957.2,3788,4285,4617,3470,4520,3930,4194,3428,4627,3848,4607,3961,3519,4349,3570,3866,4175,4623,4985,4003,3560,4599,3252,3532,3577,4513,4171,3155,2711,4020,3203,3595,2903,4050,3136,2868,3592,4489,2831,4072,3338,3790
Endogenous,MAPK14,NM_001315.1,2782,2680,1942,2213,2467,2742,3802,2209,2502,2173,2670,2367,1818,2180,1943,2436,3443,3441,2468,2587,1781,3112,1821,2110,2314,2387,2756,1637,1590,1790,1944,2211,1857,2082,1847,1626,2392,2779,2033,2353,1930,2059
Endogenous,MAPKAPK2,NM_004759.3,475,488,442,472,592,410,431,347,389,329,502,961,288,340,435,508,510,392,320,490,360,493,307,310,354,465,338,329,385,274,360,387,296,441,274,301,303,634,312,469,313,329
Endogenous,MARCO,NM_006770.3,98,72,41,173,82,57,56,81,60,69,50,93,67,60,69,86,94,82,87,66,28,73,23,101,67,62,35,48,115,68,88,127,45,59,77,126,129,52,124,74,113,109
Endogenous,MBP,NM_002385.2,1418,912,1001,1178,874,925,1315,593,805,862,1048,790,774,680,1019,950,915,761,787,902,807,1060,651,671,680,868,608,502,445,674,658,729,447,957,503,515,599,1039,467,957,552,642
Endogenous,MCL1,NM_021960.3,9236,13537,12948,8593,14158,11326,10415,11920,11792,10695,10325,12879,10522,15018,9871,10746,13125,17054,13937,11654,10730,14612,12231,11573,11368,14855,12395,9126,10103,12559,10889,12980,11024,12150,10080,8577,11407,16015,9888,14473,10304,11136
Endogenous,MIF,NM_002415.1,352,336,387,408,324,488,380,467,359,444,416,446,440,446,451,381,356,340,397,377,395,413,572,599,490,406,396,547,627,580,497,532,603,488,583,511,383,400,592,460,579,476
Endogenous,MME,NM_000902.2,1820,2056,1201,1201,2319,1135,2253,2025,1745,1170,1302,1619,881,2117,1641,1839,3637,3232,1437,1809,855,2447,1272,1615,1417,1504,2147,982,804,951,1520,1266,930,1155,1510,811,1604,2048,1729,1549,840,1385
Endogenous,MR1,NM_001531.2,77,162,89,83,115,139,81,116,156,138,68,152,179,128,85,83,98,116,127,82,168,120,171,135,152,90,169,153,205,126,119,104,150,119,128,157,188,88,111,114,146,134
Endogenous,MS4A1,NM_152866.2,578,1114,1068,402,1450,2448,985,2025,1621,1658,988,1012,1588,1468,1349,1150,693,1348,1896,1279,1820,687,2775,1715,1243,1286,2687,2242,1583,1052,1771,747,1921,1488,3598,1571,1486,726,3094,773,2517,1326
Endogenous,MSR1,NM_002445.3,41,70,27,44,23,12,19,25,56,9,24,45,40,46,17,36,53,101,23,24,56,34,81,65,151,27,58,48,93,70,48,76,78,60,36,90,101,19,34,44,64,41
Endogenous,MX1,NM_002462.2,1265,1300,1083,994,950,984,1360,1006,924,1938,1546,1374,1008,1184,2487,1462,1246,1610,1659,1253,2758,1407,902,1219,773,945,882,762,4221,1126,1147,848,2260,1193,1060,1060,814,1418,996,2217,1111,1265
Endogenous,MYD88,NM_002468.3,2857,2606,2167,2448,2777,2427,2950,2067,2075,2118,3146,2056,2437,2271,2574,2675,3487,2900,2332,2044,2431,2976,1984,2075,2234,2617,2446,1757,2971,2142,1978,2524,1752,2532,2040,2276,2277,2879,2137,3046,1996,1991
Endogenous,NCAM1,NM_000615.5,147,124,91,205,59,87,67,82,130,68,119,142,84,70,130,54,64,54,60,77,121,73,145,107,141,147,65,109,141,90,66,117,113,129,63,187,108,106,63,80,112,55
Endogenous,NCF4,NM_000631.4,3206,2608,1801,2729,2549,2203,4180,2026,2017,1619,2709,1504,1974,2262,2605,1998,3457,3699,2103,2035,1417,3824,1722,1973,1871,2165,2867,1294,1323,1662,1701,2050,1489,1802,1710,1362,2217,2987,2058,2639,1511,1633
Endogenous,NCR1,NM_004829.5,287,231,194,344,134,274,214,184,349,236,251,230,134,199,289,282,188,270,176,207,225,150,224,322,360,385,200,177,226,225,224,253,312,314,181,404,251,226,190,230,272,138
Endogenous,NFATC1,NM_172389.1,282,273,360,306,250,274,264,335,296,240,320,412,329,213,324,305,273,153,247,274,200,206,277,214,233,270,199,211,239,173,280,191,245,244,231,193,196,190,242,201,275,287
Endogenous,NFATC2,NM_012340.3,817,703,1141,1153,660,829,620,767,1107,1056,973,812,862,641,885,1054,776,346,648,923,903,733,869,804,924,1088,619,903,856,595,893,829,870,759,739,955,678,721,486,1100,731,911
Endogenous,NFATC3,NM_004555.2,904,1240,1417,976,987,1178,816,1084,1251,1414,1157,888,1096,889,1116,1377,1150,797,1110,1149,1146,1081,1188,1038,1085,1209,941,1115,950,1011,1228,1089,1085,1276,1064,1049,932,1115,827,1398,1022,1263
Endogenous,NFIL3,NM_005384.2,486,691,522,352,814,512,719,605,561,583,495,533,586,991,426,451,890,1170,755,757,565,855,528,605,676,638,889,510,546,666,582,739,474,651,534,417,676,756,511,674,522,638
Endogenous,NFKB1,NM_003998.2,295,355,403,228,330,355,325,289,298,298,371,351,449,267,255,340,255,199,317,352,292,288,266,243,245,322,215,166,229,245,289,262,289,285,271,196,211,321,175,331,258,306
Endogenous,NFKB2,NM_002502.2,769,586,664,693,628,703,814,562,458,573,622,733,774,460,684,720,507,470,622,625,522,605,550,516,442,626,433,411,444,526,536,471,509,508,471,409,475,621,445,631,510,461
Endogenous,NFKBIA,NM_020529.1,2182,2261,2786,1722,2810,2153,2815,2316,2113,2070,2679,2755,2061,1837,2230,2734,2751,1870,2222,2058,2011,2605,2093,1899,1947,2675,1684,1782,2088,1902,2090,2276,1810,2179,2128,1660,1920,3092,1927,2442,1995,1936
Endogenous,NFKBIZ,NM_001005474.1,567,606,506,499,447,550,600,557,384,363,569,642,548,520,328,420,470,570,524,438,401,492,455,491,432,404,502,386,434,525,412,317,525,421,384,335,524,586,355,481,470,431
Endogenous,NLRP3,NM_001079821.2,317,371,251,230,351,164,296,263,302,271,297,388,206,234,271,270,315,274,267,243,302,264,203,202,297,214,242,188,281,232,201,371,185,278,188,187,268,244,204,278,214,204
Endogenous,NOD1,NM_006092.1,126,194,207,178,159,212,137,166,192,195,166,161,220,147,167,172,184,157,183,166,217,136,194,173,187,163,203,198,200,152,203,175,205,179,192,207,190,162,158,182,201,174
Endogenous,NOD2,NM_022162.1,824,914,415,469,773,330,756,559,455,573,313,555,844,624,402,334,525,907,452,473,639,684,546,605,514,289,703,468,658,728,456,871,564,509,486,637,508,1002,344,674,456,413
Endogenous,NOTCH1,NM_017617.3,1265,623,538,1145,741,556,1135,448,418,399,849,439,289,379,928,742,779,560,524,390,429,894,371,395,347,610,455,289,308,267,417,378,332,497,256,271,341,757,367,639,273,393
Endogenous,NOTCH2,NM_024408.3,3300,2821,2500,2750,1703,1381,2532,1131,1232,1285,2840,1481,1178,1132,2202,2217,1554,1307,1406,1358,1510,2136,1012,942,1034,1591,1105,830,945,869,943,1128,949,1642,1056,817,977,1899,805,1668,855,1291
Endogenous,NT5E,NM_002526.2,61,44,88,60,64,162,76,93,138,152,68,94,137,126,96,115,47,75,201,138,41,77,152,131,79,125,67,130,96,150,83,69,135,126,112,77,86,100,157,87,234,127
Housekeeping,OAZ1,NM_004152.2,22563,19291,19650,22429,18401,35104,28973,20698,29971,28689,37012,31475,34195,25797,21123,30483,31048,22896,36652,29183,21365,25740,12915,27048,19283,28569,29884,21450,19769,51815,18150,30679,14629,35327,18258,18059,23808,32776,21488,36331,16746,29058
Endogenous,PAX5,NM_016734.1,114,142,126,78,180,228,147,140,157,126,180,111,140,74,190,139,80,60,103,111,133,77,152,93,61,149,120,101,108,35,107,37,94,145,146,90,83,73,149,73,143,113
Endogenous,PDCD2,NM_144781.2,141,71,90,84,86,118,126,90,83,105,114,81,103,121,106,80,66,97,78,104,81,78,99,119,108,64,96,140,95,153,112,86,141,80,126,123,108,84,137,76,131,99
Endogenous,PECAM1,NM_000442.3,5186,6983,5666,4441,6118,3517,4635,4893,4569,4230,5069,4966,3554,5001,4778,6150,5402,4864,5549,5620,4639,6982,4186,3927,4494,6033,4740,3653,3793,3730,4734,4561,3413,5696,4415,3129,5054,5703,3502,6085,3926,4764
Endogenous,PLAUR,NM_001005376.1,424,360,268,497,413,382,420,314,292,171,319,604,250,274,356,297,518,483,256,342,290,416,275,293,320,282,329,272,306,146,288,356,279,352,199,307,416,496,266,341,180,281
Endogenous,PML,NM_002675.3,817,503,391,694,394,437,519,389,365,474,441,472,373,392,641,479,419,404,391,432,658,433,443,380,372,460,367,353,596,338,527,358,506,425,319,445,440,474,433,526,360,354
Housekeeping,POLR1B,NM_019014.3,106,114,180,107,105,112,103,115,115,147,114,120,156,123,122,144,101,74,99,151,118,118,148,134,94,104,96,195,140,142,188,121,121,124,130,142,119,120,114,168,122,166
Housekeeping,POLR2A,NM_000937.2,847,666,652,990,455,543,1039,319,448,456,918,546,421,185,906,655,466,253,393,472,397,616,306,284,292,469,255,203,218,180,330,226,272,409,273,268,298,519,203,554,218,391
Positive,POS_A(128),ERCC_00117.1,23840,16794,18056,22975,24097,29405,21044,31661,29739,17682,22049,46797,28137,27508,22021,18030,25336,21357,25787,24211,25849,20497,16798,20846,19983,24107,25490,28488,31148,41510,23264,24843,25610,33503,23074,34033,19686,31278,29074,26869,22560,47630
Positive,POS_B(32),ERCC_00112.1,6476,4943,5249,6686,6885,8533,5928,9197,8691,5071,6361,14766,7692,7790,6089,4926,6824,5718,6781,6577,7009,5527,4553,5613,5321,6997,7252,8128,8913,12645,6420,6680,6719,8812,6602,9238,5364,8642,8014,7462,6112,13297
Positive,POS_C(8),ERCC_00002.1,1785,1251,1413,1782,1834,2274,1595,2445,2291,1294,1592,4135,2072,1973,1606,1446,1968,1595,2006,1817,1935,1588,1209,1539,1459,1835,1887,2065,2377,3405,1741,1800,1785,2439,1762,2506,1501,2350,2140,2061,1679,3637
Positive,POS_D(2),ERCC_00092.1,511,312,343,438,499,547,414,611,606,334,437,980,512,540,415,338,496,408,516,493,507,394,293,387,383,465,502,559,580,844,470,445,495,642,475,659,333,599,552,503,436,933
Positive,POS_E(0.5),ERCC_00035.1,90,53,65,87,113,109,98,104,104,64,67,130,94,119,80,48,99,77,88,70,95,68,62,71,62,72,116,124,112,117,67,73,87,119,85,117,75,109,106,88,76,162
Positive,POS_F(0.125),ERCC_00034.1,52,34,37,54,55,88,44,68,58,57,78,76,46,46,48,34,61,43,56,49,57,50,29,41,45,48,91,91,73,89,33,50,53,57,56,91,52,57,60,66,47,106
Endogenous,POU2F2,NM_002698.2,772,778,621,747,614,530,576,505,489,428,616,572,561,464,738,562,480,375,423,390,547,398,554,374,381,449,452,394,473,348,451,355,385,459,484,403,402,499,416,492,472,414
Endogenous,PPBP,NM_002704.2,2353,2105,3151,1062,2492,2452,7428,2010,4984,6159,2053,2984,2803,7214,3591,934,2243,7293,8549,3801,3087,2379,1935,5305,1500,2516,1194,2200,1143,6264,1246,1752,1835,3595,1231,3715,2766,1889,3075,1256,1679,4433
Housekeeping,PPIA,NM_021130.2,322,307,370,286,237,397,314,373,368,429,259,371,292,405,311,299,313,281,319,335,308,278,397,370,393,282,297,508,339,531,409,361,489,342,530,403,344,273,467,276,407,402
Endogenous,PRDM1,NM_001198.3,457,598,745,781,535,609,600,512,530,620,731,548,484,478,558,563,480,570,433,549,542,673,623,623,630,870,539,643,535,442,505,644,467,559,670,716,593,696,427,782,509,496
Endogenous,PRF1,NM_005041.3,3125,3338,4408,4715,1613,2359,2037,1806,3300,2673,4156,3650,1813,1595,3071,3934,1586,1559,1522,2745,2944,1993,2695,2375,3049,4253,1833,2770,3143,1595,2823,3372,2761,3248,1356,4103,2768,2522,1371,4257,2050,2461
Endogenous,PRKCD,NM_006254.3,1782,1698,1278,1828,1654,967,1974,1065,1180,1069,1777,1685,1187,901,1689,1554,1923,1377,1087,1220,1206,1815,798,1020,934,1165,962,723,931,800,1010,1089,734,1190,908,928,1017,1653,775,1545,808,973
Endogenous,PSMB10,NM_002801.2,1077,829,899,1140,1006,798,968,948,953,862,885,1157,986,958,953,906,920,1005,901,963,946,1088,894,891,990,921,1033,916,1119,892,968,1061,855,938,930,1214,1061,998,1178,973,1041,821
Endogenous,PSMB5,NM_001130725.1,223,382,350,268,438,354,296,415,369,438,316,343,466,452,322,387,359,391,467,359,383,412,513,456,463,350,472,570,601,484,492,448,507,441,490,468,420,331,548,386,555,431
Endogenous,PSMB7,NM_002799.2,987,1161,922,758,975,915,1010,1139,1210,1355,837,739,1236,1473,886,1040,961,1101,1345,1198,1075,1097,1359,1348,1275,935,1125,1569,1411,1616,1326,1411,1354,1170,1631,1261,1333,980,1467,964,1739,1290
Endogenous,PSMB8,NM_004159.4,1720,2520,1899,2365,2430,1860,1780,2227,1925,2301,1599,2823,2380,2445,1854,1730,1833,2296,2144,2173,2096,2591,2368,2272,2353,2153,2454,2340,3023,2333,2427,2425,2208,2407,2515,2783,2446,2177,2822,2228,2594,2124
Endogenous,PSMB9,NM_002800.4,2189,3401,2353,2847,2466,2575,2849,2400,2224,2456,2137,2773,2648,2307,1776,2242,2400,2646,2043,2483,2457,2860,2637,2882,2243,2017,2902,2099,3055,1827,2935,2418,2358,2196,2265,3626,3345,2311,3031,2985,2017,2228
Endogenous,PSMC2,NM_002803.3,268,370,307,159,257,245,266,371,372,551,149,269,403,629,220,191,195,423,452,290,341,276,559,483,462,195,381,702,618,818,424,368,536,299,813,454,555,221,579,211,758,526
Endogenous,PSMD7,NM_002811.3,729,1000,981,782,960,831,696,1009,925,1113,767,1031,1039,937,850,850,935,847,928,1003,941,916,1044,931,1095,875,1030,1060,1157,1082,1045,1054,971,995,1127,1042,909,849,1035,974,1150,1068
Endogenous,PTAFR,NM_000952.3,2286,1867,1650,2106,2296,1251,2078,1528,1316,993,1644,1979,1107,1419,2176,2032,1976,2081,1495,1457,1161,2497,1244,1211,1416,1844,1491,919,793,1342,1388,1468,1115,1531,1140,839,1352,2279,1129,1922,1004,1268
Endogenous,PTGER4,NM_000958.2,222,167,216,238,218,192,216,245,227,212,227,178,154,185,307,197,187,239,201,179,229,288,179,170,198,282,179,222,159,255,248,230,213,240,199,257,177,277,227,201,202,275
Endogenous,PTGS2,NM_000963.1,403,293,325,352,402,333,575,443,268,331,321,254,207,450,451,315,463,864,501,348,233,436,410,381,445,436,468,269,280,312,360,456,340,535,335,317,463,442,444,465,281,379
Endogenous,PTK2,NM_005607.3,107,198,216,119,223,173,121,200,218,248,161,166,217,210,143,221,179,140,329,165,219,141,231,190,136,135,231,214,166,211,197,108,182,197,241,124,182,140,135,178,286,216
Endogenous,PTPN2,NM_002828.2,489,438,408,376,378,505,448,609,518,564,324,395,482,666,385,372,397,533,585,440,513,367,731,603,598,441,614,762,670,552,541,487,616,491,719,622,673,371,606,361,656,617
Endogenous,PTPN22,NM_015967.4,354,434,565,268,420,533,331,704,601,726,308,541,686,713,380,451,474,691,539,745,699,458,927,751,969,552,743,1071,855,838,674,880,706,474,837,1089,838,403,920,520,864,556
Endogenous,PTPN6,NM_002831.5,3033,3708,3217,3440,3191,2659,3337,2726,2416,2464,3238,2982,2800,2218,3299,2773,3023,2238,2314,2653,2426,3293,2377,2193,2079,2888,2037,1760,1986,1657,2392,2023,1936,2692,2238,2078,2050,3166,2055,2872,2114,2181
Endogenous,PTPRC_all,NM_080921.2,17656,16915,15735,14386,15409,23749,21390,19691,21985,21908,15301,19935,15813,28318,14590,14808,17732,28557,27208,22465,19495,21556,22152,21757,21887,17720,25112,21385,19146,29252,19285,20577,21934,20262,25058,19322,24211,19512,23947,18124,21206,24697
Endogenous,PYCARD,NM_013258.3,365,320,254,312,356,218,319,322,268,233,316,217,217,281,338,286,436,343,289,274,261,432,230,279,307,312,332,253,337,209,281,345,216,325,258,290,287,365,344,342,274,210
Endogenous,RAF1,NM_002880.2,1100,1814,1560,1238,1922,1387,1350,1504,1549,1187,1322,1934,1476,1578,1366,1227,1601,1974,1296,1609,1083,2012,1372,1309,1226,1453,1635,1170,1075,1088,1399,1450,1155,1202,1119,1025,1230,1698,1295,1575,1111,1242
Endogenous,RARRES3,NM_004585.3,737,635,850,921,830,773,605,874,934,1224,609,808,942,1085,594,777,674,757,828,873,881,822,1283,1101,1160,792,1125,1632,1198,1307,1080,1024,1264,782,1308,1457,1289,708,1176,807,1403,1034
Endogenous,RELA,NM_021975.2,204,258,227,280,278,242,224,181,159,195,258,387,201,142,254,263,211,125,183,224,178,250,174,158,164,264,142,145,181,94,182,166,170,225,122,142,135,238,119,234,151,203
Endogenous,RELB,NM_006509.2,217,149,165,189,162,226,224,229,171,227,218,213,173,168,211,222,170,133,154,208,182,164,166,160,156,212,154,146,173,167,168,179,124,179,126,167,138,209,150,212,138,160
Endogenous,RORC,NM_001001523.1,29,34,47,46,43,80,64,56,61,38,94,81,58,60,68,62,44,53,63,76,39,46,65,80,57,60,59,61,66,39,47,47,67,46,65,70,49,39,73,53,73,55
Housekeeping,RPL19,NM_000981.3,13230,9281,10803,12380,13110,14572,14765,14193,13127,16732,11609,8915,13406,22529,12447,12442,9409,11764,17757,12196,11784,12306,19993,17613,14559,9621,14891,22916,13431,28326,16348,13168,21772,13937,27216,13092,13831,10173,19826,10948,26953,18807
Endogenous,RUNX1,NM_001754.4,177,239,268,246,263,208,178,248,256,247,294,281,163,147,274,265,300,170,178,242,250,248,240,193,256,202,232,266,189,153,194,243,190,218,200,229,220,251,159,242,225,236
Endogenous,S100A8,NM_002964.3,14143,8546,3701,4566,3750,6534,38052,5593,10149,21530,2499,3205,5167,51503,3210,2260,4113,16484,30264,9447,3921,9673,20117,21268,13163,1949,23245,19208,8460,43854,7408,5731,16881,5639,40520,8056,40255,4908,14213,2706,51020,18209
Endogenous,S100A9,NM_002965.2,50728,34737,22901,23166,34041,37343,73172,33465,38828,47593,24151,35563,26950,81266,25367,20858,40488,80240,62915,47492,23395,51115,45022,62227,49908,25746,74831,43132,40977,74638,40484,42569,43125,34961,55360,32682,71600,39502,63384,28741,66708,39088
Endogenous,S1PR1,NM_001400.3,317,211,385,399,258,360,317,308,300,353,416,235,295,295,379,388,270,213,283,303,335,299,360,383,298,399,304,402,268,340,402,334,429,346,297,364,302,274,300,281,338,458
Endogenous,sCTLA4,NM_001037631.1,47,33,36,59,30,38,35,36,42,61,41,40,33,20,49,39,36,37,17,37,54,34,31,31,38,34,64,54,38,60,33,54,30,37,41,66,48,46,40,47,43,35
Housekeeping,SDHA,NM_004168.1,246,309,344,289,320,242,211,293,316,293,300,288,359,269,315,309,303,206,304,285,262,251,286,260,273,271,386,350,301,264,285,256,253,287,261,246,269,289,254,328,367,264
Endogenous,SELL,NR_029467.1,11303,8080,6637,8532,10442,10440,11267,8717,9094,9085,9917,7494,8912,10414,9082,9343,9102,9542,11080,9418,7853,8780,7571,8621,6608,9877,11806,7934,10098,6843,8672,7014,8472,8031,8799,4842,8594,10433,8062,10006,8181,6481
Endogenous,SELPLG,NM_003006.3,812,434,468,751,731,491,701,508,530,422,544,535,384,615,603,582,760,1101,498,546,506,770,578,508,648,601,596,520,511,558,538,599,655,566,423,470,483,656,594,628,499,621
Endogenous,SERPING1,NM_000062.2,131,209,88,325,91,154,155,103,106,156,90,149,172,95,161,161,155,126,185,139,288,128,155,107,114,242,128,74,262,113,274,92,175,159,72,201,293,273,113,252,116,127
Endogenous,SH2D1A,NM_001114937.2,179,182,362,190,130,454,224,490,406,668,136,235,365,688,215,221,196,328,332,433,324,254,585,571,524,270,490,1031,381,794,481,371,594,246,682,730,578,216,600,241,657,573
Endogenous,SIGIRR,NM_021805.2,866,497,839,1122,629,796,721,672,790,745,929,618,919,582,937,915,582,501,620,756,662,632,758,752,771,696,577,918,752,604,785,690,941,625,569,820,631,623,623,678,726,845
Endogenous,SKI,NM_003036.2,960,1008,956,775,1021,742,935,655,845,715,1031,725,676,667,1031,1006,946,660,660,797,688,1103,611,713,643,903,579,547,549,517,762,734,712,823,658,420,538,902,504,960,507,776
Endogenous,SLAMF1,NM_003037.2,87,109,235,129,146,169,109,183,178,175,149,246,220,161,111,142,162,160,169,206,185,125,184,183,178,191,200,196,205,131,177,134,213,86,214,188,124,102,192,121,193,198
Endogenous,SLAMF6,NM_001184714.1,61,68,139,76,78,150,74,92,102,138,96,113,78,79,85,91,83,57,88,119,133,74,127,105,112,113,123,167,116,114,113,86,112,101,137,167,117,85,108,128,121,122
Endogenous,SLAMF7,NM_021181.3,109,191,274,287,123,193,134,137,226,259,157,261,201,163,150,211,132,153,148,233,250,146,212,180,231,257,229,308,230,144,224,188,202,185,146,384,299,181,133,259,192,241
Endogenous,SLC2A1,NM_006516.2,44,67,96,66,64,82,99,106,94,108,156,43,113,90,83,87,101,71,90,71,105,68,79,79,70,116,99,96,64,159,87,89,80,119,73,109,86,102,72,115,74,114
Endogenous,SMAD3,NM_005902.3,638,566,900,547,532,658,491,700,750,756,700,654,648,478,720,599,611,415,543,635,677,521,735,593,643,863,493,694,643,585,662,601,702,585,656,741,551,574,537,651,592,693
Endogenous,SMAD5,NM_005903.5,180,262,274,157,217,268,159,282,319,388,274,191,255,278,270,207,250,201,307,285,256,183,298,359,342,362,274,358,335,309,249,336,235,296,374,298,245,207,231,278,277,297
Endogenous,SOCS1,NM_003745.1,138,153,165,188,146,185,120,233,125,155,178,258,250,149,161,181,180,208,100,134,238,139,222,170,235,224,162,177,340,273,175,233,296,240,165,312,165,157,234,167,223,213
Endogenous,SOCS3,NM_003955.3,373,133,122,261,192,315,516,209,217,153,386,212,185,211,107,441,165,182,207,152,113,274,170,258,196,299,208,116,155,295,209,207,231,123,102,120,197,323,141,222,151,161
Endogenous,SRC,NM_005417.3,212,232,191,246,162,159,180,103,122,152,240,217,135,100,166,137,166,119,131,134,160,129,96,82,103,74,81,77,146,102,115,118,90,182,91,176,128,172,100,165,101,158
Endogenous,STAT1,NM_007315.2,1729,2418,1632,2738,1489,1428,1820,1675,1638,2611,1698,1680,1864,1512,1762,1685,1931,2746,2042,2104,3260,2195,2589,1817,2387,1671,2586,2020,3104,1921,2298,1957,2634,2070,2337,3557,3073,2369,2864,2497,1875,2017
Endogenous,STAT2,NM_005419.2,1696,1602,1143,1914,1139,972,1176,1002,1104,1294,1458,1073,1443,772,1642,1560,1149,1215,1211,1170,1993,1267,1254,1031,1062,1022,881,840,1807,980,1251,1006,1320,1357,973,1452,1303,1269,1097,1562,1035,1061
Endogenous,STAT3,NM_139276.2,2693,3049,2449,3218,2450,2167,3312,1642,1870,1793,2955,2722,1907,1512,2536,2578,2351,2005,1899,1961,1854,2976,1388,1590,1655,2274,1548,1040,1357,1274,1690,1653,1299,2080,1332,1321,1604,2751,1188,2321,1222,1698
Endogenous,STAT4,NM_003151.2,413,500,998,463,503,662,409,596,742,823,387,837,885,739,344,562,518,470,549,740,644,459,799,815,791,617,605,914,772,770,772,574,986,579,806,970,754,471,544,574,750,934
Endogenous,STAT5A,NM_003152.2,526,636,555,681,590,467,649,557,527,513,651,507,670,429,602,659,501,408,510,574,454,673,421,455,417,526,380,378,403,341,473,468,463,480,450,340,436,616,371,592,394,441
Endogenous,STAT5B,NM_012448.3,1610,1823,1697,1762,1975,1671,2282,1395,1486,1331,2327,2350,1513,1228,1589,1775,1770,1407,1531,1797,1260,1993,1143,1354,1304,1657,1428,1003,921,1185,1322,1220,1264,1261,1178,967,1257,1937,1110,1673,1142,1276
Endogenous,STAT6,NM_003153.3,7242,3468,3607,6123,4233,3215,6173,2759,3204,2542,4753,3482,4258,2786,4935,4392,4354,3917,3278,3166,2539,4642,2804,2703,2768,3518,2632,2153,2098,2125,2843,2919,2660,3406,2458,2309,2513,3980,2327,3793,2663,2593
Endogenous,SYK,NM_003177.3,1480,1902,1811,1424,1889,1285,1411,1391,1213,1461,1494,1048,1289,1221,1895,1627,1597,1245,1296,1325,1248,2063,1116,1115,1166,1624,1329,772,1047,742,1080,1012,859,1226,1303,967,1146,1826,874,1383,983,1131
Endogenous,TAGAP,NM_054114.3,2909,3563,4440,2937,3904,3594,2986,4559,3293,3902,3157,3384,2940,4883,3915,2509,3837,6011,4438,3944,3486,4102,5000,4274,4164,5213,4148,4381,3534,4853,4337,3662,4407,4017,4884,3390,4637,4864,3588,4532,4206,4664
Endogenous,TAL1,NM_003189.2,71,110,204,68,125,108,133,92,225,150,162,132,255,88,80,116,129,74,155,131,112,85,37,100,60,92,36,33,31,132,53,95,46,208,37,101,105,121,47,96,32,135
Endogenous,TAP1,NM_000593.5,721,844,646,1076,708,707,734,704,593,659,745,1004,843,535,735,713,538,591,559,637,858,841,655,569,564,715,668,554,866,516,800,555,644,709,511,827,763,790,629,796,515,626
Endogenous,TAP2,NM_000544.3,454,410,315,508,296,343,388,289,255,270,321,285,392,213,395,313,252,278,292,287,334,386,273,229,250,282,238,276,304,218,260,259,253,272,256,309,340,365,282,376,256,266
Endogenous,TAPBP,NM_003190.4,3059,1918,1670,3144,1658,1926,2781,1573,1365,1407,2433,1529,1310,1287,2079,1973,1760,1259,1544,1543,1496,2069,1091,1163,1184,1705,1287,1231,1200,922,1373,1115,1393,1757,1039,891,1537,1963,1020,1877,1213,1407
Endogenous,TBK1,NM_013254.2,180,296,197,156,289,204,201,326,366,386,108,361,308,330,176,169,243,378,360,308,339,263,343,364,351,221,410,408,385,285,283,323,289,264,486,340,350,232,314,192,370,343
Housekeeping,TBP,NM_001172085.1,301,435,426,309,434,416,313,383,444,424,350,339,479,389,371,357,445,415,451,402,393,367,447,405,459,387,421,457,412,385,420,401,499,457,415,439,369,340,441,393,457,452
Endogenous,TBX21,NM_013351.1,325,490,734,798,282,334,309,316,599,557,576,756,381,290,504,560,270,263,228,502,587,360,425,377,535,692,444,615,541,363,480,511,388,450,262,762,524,436,269,704,331,467
Endogenous,TCF4,NM_003199.1,109,174,165,103,198,244,104,218,192,194,148,201,187,133,229,203,155,119,209,131,183,124,234,175,118,167,82,200,200,154,200,131,139,153,366,127,153,118,228,129,257,194
Endogenous,TCF7,NM_003202.2,2400,1277,1889,2494,1730,3067,2397,1809,1810,2311,2498,1568,2913,1780,2336,2721,1983,1000,1981,2354,1406,1850,2205,2031,1551,1942,1395,2080,1747,2027,2409,1318,3040,1986,2084,1191,1252,1705,1822,2021,1956,2889
Endogenous,TFRC,NM_003234.1,406,350,495,391,301,636,589,479,785,850,380,489,749,1223,419,429,456,460,1397,746,672,353,433,675,491,556,922,651,492,1583,429,538,506,812,744,483,857,511,482,492,621,1367
Endogenous,TGFB1,NM_000660.3,3288,2320,2371,3146,2213,1698,2993,1616,1962,1668,2657,2993,1681,1437,2667,2391,2389,1603,1709,2238,2090,2628,1592,1613,1607,2001,1479,1634,1712,1227,1835,1768,1557,2207,1373,1828,1354,2292,1353,2365,1379,1834
Endogenous,TGFBI,NM_000358.2,1702,864,1070,1234,1298,548,854,670,1191,814,625,1097,812,815,1182,1194,864,983,718,680,1017,642,781,551,917,589,545,638,667,1033,830,1244,451,818,917,797,742,819,866,834,740,712
Endogenous,TGFBR1,NM_004612.2,972,694,798,590,589,776,797,654,774,846,595,580,608,843,632,617,891,860,797,976,699,817,750,834,752,802,955,835,615,765,809,696,904,923,714,825,714,673,796,799,676,807
Endogenous,TGFBR2,NM_001024847.1,2224,2332,2308,2176,2925,2836,2591,2584,2244,2454,2395,2246,2112,2328,2643,2981,2909,2761,2753,2608,2161,3316,2776,2449,2351,2607,2565,2327,2106,2153,2694,2331,2638,2357,2168,1871,2110,2943,2629,2541,2391,2376
Endogenous,TICAM1,NM_014261.1,273,194,186,261,178,156,193,188,128,184,214,139,193,119,201,217,177,156,136,139,217,144,172,153,134,172,140,156,198,136,206,184,157,211,133,174,166,179,168,182,164,158
Endogenous,TIGIT,NM_173799.2,188,219,459,303,215,221,154,364,301,279,166,348,318,309,123,229,213,153,182,299,192,179,328,264,421,333,228,439,257,169,308,324,289,200,235,237,317,152,238,360,252,207
Endogenous,TIRAP,NM_148910.2,83,60,50,71,60,51,71,55,67,45,82,59,61,69,95,65,75,53,42,64,60,62,54,62,58,48,65,70,60,97,57,53,73,68,59,65,62,62,76,58,72,70
Endogenous,TLR1,NM_003263.3,4118,4487,3041,3014,4733,5612,6186,5224,5012,4552,3505,3876,3409,7379,3696,3883,5844,10901,6955,5332,3841,6631,5408,6000,5379,4428,8147,4751,4055,6241,4888,5378,5220,4823,5492,4677,6866,6079,6959,4829,5689,4946
Endogenous,TLR2,NM_003264.3,1324,1567,1358,1418,1720,1770,2494,1099,1881,1514,1826,2462,1312,1714,2196,1444,3358,2129,1887,1769,1445,2208,1445,1434,1465,1696,1615,1260,1770,2031,1523,963,1324,1834,1907,1770,1653,2640,1655,2204,1419,2150
Endogenous,TLR3,NM_003265.2,34,26,53,41,24,20,37,37,48,28,32,23,94,39,15,39,28,27,23,49,29,29,35,33,43,27,42,41,30,34,28,43,23,28,38,51,37,26,33,24,41,40
Endogenous,TLR4,NM_138554.2,1666,1621,954,1166,1839,812,1783,1371,1497,1235,944,2471,952,1409,1293,1203,1923,2638,1397,1505,1282,1723,1211,1576,1805,1193,1799,1069,1387,1448,1178,1629,1102,1324,1347,997,1394,1586,1309,1326,1143,1205
Endogenous,TLR5,NM_003268.3,379,285,152,269,247,284,375,264,245,246,370,225,269,255,208,318,270,266,206,207,202,254,157,177,238,182,292,174,191,307,201,207,164,186,181,163,257,309,161,243,214,204
Endogenous,TLR7,NM_016562.3,68,118,77,72,76,55,42,68,59,91,56,59,89,57,75,46,68,63,97,71,124,67,71,49,71,36,76,59,86,53,70,47,49,72,113,87,78,60,64,61,79,60
Endogenous,TLR8,NM_016610.2,2295,2234,1529,1581,1520,1478,2308,1362,1368,960,1547,1575,1282,1849,1363,1330,1555,2294,1672,1539,1367,1864,1110,1298,1347,1413,1744,1016,1392,1010,1273,1312,1222,1435,1768,1135,1674,2114,1160,1786,1174,1155
Endogenous,TLR9,NM_017442.2,111,70,71,73,104,83,109,83,53,55,63,76,87,83,126,99,113,92,75,82,94,97,79,68,66,78,100,54,50,89,83,56,71,72,69,54,71,84,80,69,71,74
Endogenous,TMEM173,NM_198282.1,1073,914,912,1203,749,703,829,727,879,767,989,842,800,687,948,937,770,526,711,719,812,770,752,664,718,821,590,762,727,796,852,728,774,794,832,792,627,743,585,834,810,994
Endogenous,TNF,NM_000594.2,223,272,347,282,230,178,206,283,257,268,320,157,247,238,227,195,265,233,158,227,276,208,249,219,239,271,240,269,260,192,275,186,229,279,266,274,256,273,223,198,248,238
Endogenous,TNFAIP3,NM_006290.2,650,566,676,533,536,647,516,598,610,578,548,597,569,558,564,687,478,539,533,633,655,547,704,607,661,654,496,547,681,477,662,871,624,535,590,606,646,682,519,639,532,557
Endogenous,TNFAIP6,NM_007115.2,91,57,81,95,63,49,154,149,68,70,61,135,59,109,17,54,84,133,102,68,85,44,124,99,52,69,93,54,97,98,108,114,91,65,54,99,147,104,61,73,101,103
Endogenous,TNFRSF10C,NM_003841.3,9766,11914,8375,11923,11287,12582,14397,9079,8517,6884,11994,8507,8449,10670,13272,11826,12646,16598,9360,11630,7919,13933,7637,9637,8325,11644,11785,6565,5846,6099,8482,10016,7147,10862,6919,5086,8274,13534,8077,12091,6463,6680
Endogenous,TNFRSF13C,NM_052945.3,290,336,412,177,445,759,384,576,583,532,509,343,381,312,743,549,244,291,637,367,469,226,762,425,291,490,318,510,358,324,414,221,555,368,532,478,360,261,697,254,658,390
Endogenous,TNFRSF14,NM_003820.2,839,932,753,1137,865,837,932,867,892,935,721,778,1024,864,1020,900,886,1081,954,872,799,944,1036,930,1024,765,1008,1048,1000,964,1032,999,993,888,947,1149,1011,933,1180,898,1120,921
Endogenous,TNFRSF17,NM_001192.2,29,22,44,27,30,161,29,83,62,77,29,31,84,154,46,36,38,71,82,59,65,43,156,131,62,38,59,348,126,149,79,57,120,72,89,59,139,45,203,35,118,80
Endogenous,TNFRSF1B,NM_001066.2,3289,2136,1838,2982,1921,1669,2269,1503,1339,1138,2347,1684,1197,1536,2456,2156,2221,1653,1335,1690,1697,2046,1290,1200,1597,1649,1303,1147,1423,946,1514,1762,1033,1520,1148,1369,1458,2290,1259,2205,1149,1412
Endogenous,TNFRSF4,NM_003327.2,72,21,24,57,30,37,37,41,27,19,56,35,45,32,33,22,44,42,17,30,31,38,24,48,54,25,12,30,35,71,38,27,71,34,47,24,33,22,36,36,30,20
Endogenous,TNFRSF8,NM_152942.2,203,253,168,199,207,175,140,268,162,125,235,259,212,239,235,232,272,216,152,244,169,225,199,182,235,113,150,217,244,186,195,247,146,171,159,178,247,232,235,229,163,142
Endogenous,TNFRSF9,NM_001561.4,47,84,67,55,46,35,97,71,63,52,76,64,61,58,83,45,62,105,78,72,33,83,29,42,52,36,68,69,44,43,26,66,31,59,59,49,60,83,54,98,60,48
Endogenous,TNFSF10,NM_003810.2,2306,2766,1299,2260,1913,2183,2748,2255,1942,2470,1779,1512,2036,3290,1871,1602,2098,3988,3019,2116,2981,2538,2602,2872,2578,1713,3641,2169,3786,2574,2325,2453,2723,2062,2910,3004,3506,2362,3156,1738,3009,2001
Endogenous,TNFSF12,NM_003809.2,764,449,414,546,461,430,493,483,560,435,451,494,381,453,550,527,579,526,412,471,421,518,458,440,532,444,416,475,600,373,493,585,410,512,466,504,359,431,568,562,482,442
Endogenous,TNFSF13B,NM_006573.4,1045,1205,747,702,1240,1089,1178,1499,834,1258,781,1271,1226,1701,680,941,1187,2427,1843,1148,1691,1216,1112,1498,1789,1252,1862,992,2303,1974,1247,2034,1239,978,1425,1338,2239,1214,1773,1160,1364,899
Endogenous,TNFSF4,NM_003326.2,63,116,148,72,100,217,178,126,119,212,176,303,153,152,174,127,179,147,102,150,168,100,95,102,104,74,74,77,97,247,85,79,84,165,98,163,104,132,84,153,66,158
Endogenous,TNFSF8,NM_001244.3,212,197,278,118,255,272,212,302,321,207,179,293,313,285,151,196,299,330,271,283,299,248,368,316,390,266,321,429,400,296,240,397,373,235,506,321,270,221,364,195,383,350
Endogenous,TOLLIP,NM_019009.2,775,718,562,658,748,559,699,532,678,630,752,501,608,619,832,756,980,611,596,585,571,771,567,541,554,743,545,447,595,644,633,597,458,692,542,553,433,737,511,755,603,597
Endogenous,TP53,NM_000546.2,766,837,732,720,670,598,532,696,744,700,846,584,772,544,929,903,634,428,580,700,684,645,667,633,575,744,459,512,821,456,798,625,657,664,674,553,543,611,533,769,606,714
Endogenous,TRAF1,NM_005658.3,595,426,786,610,550,654,464,733,666,712,609,533,990,681,515,598,577,475,479,726,733,575,738,720,754,610,577,934,642,808,773,641,938,500,813,761,550,459,560,549,580,802
Endogenous,TRAF2,NM_021138.3,171,141,178,160,162,193,128,203,171,163,192,157,248,144,173,177,161,120,143,151,207,125,208,156,168,182,143,234,244,196,213,134,207,158,196,201,162,151,178,175,182,204
Endogenous,TRAF3,NM_145725.1,390,377,404,345,365,366,310,415,361,378,357,448,412,358,319,383,273,253,287,357,327,348,345,305,330,353,272,326,400,318,344,369,395,366,357,287,247,309,290,340,372,359
Endogenous,TRAF4,NM_004295.2,63,78,63,60,82,103,64,90,86,76,70,98,103,88,93,72,62,78,66,55,79,58,94,76,64,50,58,85,98,96,84,59,84,72,91,79,67,54,84,59,108,87
Endogenous,TRAF5,NM_004619.3,274,385,551,286,429,553,251,510,579,606,366,426,595,493,365,399,355,388,531,485,392,341,670,650,479,495,384,696,467,522,583,387,673,430,683,481,397,325,582,347,631,497
Endogenous,TRAF6,NM_145803.1,282,315,356,286,287,372,283,310,351,344,306,283,367,262,319,303,344,340,302,280,308,333,356,279,332,277,330,335,296,322,330,310,319,330,308,334,258,314,267,342,301,335
Housekeeping,TUBB,NM_178014.2,891,768,1025,973,810,926,764,732,770,981,1088,613,913,786,1071,1000,910,670,784,944,807,857,877,766,729,966,714,887,966,756,935,892,838,932,904,816,711,846,763,1044,906,1055
Endogenous,TYK2,NM_003331.3,1068,1158,1054,1242,1200,1020,1204,1043,1022,1002,1122,1051,980,859,1423,1075,1328,1397,837,1066,820,1201,926,909,860,909,918,872,888,579,889,882,859,876,793,963,866,1071,1017,1102,794,947
Endogenous,UBE2L3,NM_198157.1,421,402,464,395,441,442,333,431,373,509,504,378,386,398,428,433,469,398,423,416,450,469,432,419,378,423,350,421,443,463,447,453,455,467,431,432,399,476,368,428,422,418
Endogenous,XBP1,NM_005080.2,376,292,315,274,256,414,246,271,359,297,346,519,333,286,307,277,229,281,262,375,324,240,391,440,362,336,237,366,387,464,382,342,397,339,385,353,311,288,348,284,416,368
Endogenous,XCL1,NM_002995.1,18,11,29,43,24,45,17,63,41,19,12,42,184,32,26,22,18,32,19,38,29,20,41,52,32,45,39,41,37,47,38,28,40,30,43,84,49,29,51,21,40,54
Endogenous,ZAP70,NM_001079.3,1559,744,1410,1736,832,1334,1156,937,1208,1188,1261,810,1554,896,1401,1335,774,667,797,920,833,1009,1121,1093,1186,1134,804,1254,1094,1144,1155,884,1334,972,858,1243,847,697,1108,1072,1114,1192
Endogenous,ZBTB16,NM_006006.4,117,113,133,110,95,147,85,124,261,64,93,222,137,124,243,187,157,194,131,153,139,100,121,232,219,202,85,154,195,133,132,179,289,193,129,386,117,110,196,123,209,153
Endogenous,ZEB1,NM_001128128.1,71,129,123,75,137,106,65,119,75,84,73,123,150,98,61,56,81,95,78,77,68,106,116,120,95,83,70,135,119,83,123,75,117,77,144,110,70,86,121,81,111,106
